,取引価格（総額）,面積（㎡）,地区名,最寄駅：距離（分）,都市計画,建物の構造,築年数
0,38000000,45,青木町,2,商業地域,ＳＲＣ,28
1,22000000,25,青木町,2,商業地域,ＲＣ,15
2,21000000,25,青木町,2,商業地域,ＳＲＣ,27
4,12000000,30,青木町,4,商業地域,ＳＲＣ,32
5,23000000,25,青木町,2,商業地域,ＲＣ,14
6,22000000,25,青木町,2,商業地域,ＲＣ,14
7,16000000,25,青木町,2,商業地域,ＲＣ,14
8,25000000,25,青木町,2,商業地域,ＲＣ,14
9,25000000,45,青木町,0,商業地域,,49
10,20000000,45,青木町,1,商業地域,,33
11,49000000,60,青木町,4,商業地域,ＲＣ,8
12,29000000,45,青木町,1,商業地域,ＳＲＣ,32
13,33000000,35,青木町,4,商業地域,ＲＣ,8
15,30000000,70,青木町,0,商業地域,ＳＲＣ,48
16,27000000,50,青木町,0,商業地域,ＳＲＣ,48
17,18000000,30,青木町,4,商業地域,ＳＲＣ,30
18,11000000,30,青木町,5,商業地域,ＳＲＣ,30
19,12000000,25,青木町,4,商業地域,,30
20,25000000,35,青木町,2,商業地域,ＳＲＣ,25
21,14000000,25,青木町,2,商業地域,ＳＲＣ,25
22,33000000,35,青木町,4,商業地域,ＲＣ,7
23,24000000,55,青木町,0,商業地域,ＳＲＣ,47
25,50000000,60,青木町,5,商業地域,,1
26,24000000,70,青木町,1,商業地域,,47
27,33000000,40,青木町,4,商業地域,ＲＣ,7
28,18000000,45,青木町,0,商業地域,ＳＲＣ,46
29,18000000,35,青木町,2,商業地域,ＳＲＣ,30
30,6500000,20,青木町,3,商業地域,ＲＣ,32
31,48000000,60,青木町,5,商業地域,,0
32,23000000,25,青木町,2,商業地域,ＲＣ,11
33,46000000,50,青木町,4,商業地域,,0
34,34000000,35,青木町,4,商業地域,ＲＣ,11
35,9900000,25,青木町,5,商業地域,ＳＲＣ,29
36,23000000,25,青木町,2,商業地域,ＲＣ,11
37,23000000,25,青木町,2,商業地域,ＲＣ,11
38,49000000,60,青木町,4,商業地域,,6
40,25000000,35,青木町,4,商業地域,ＲＣ,10
41,24000000,25,青木町,2,商業地域,ＲＣ,10
42,26000000,25,青木町,3,商業地域,,10
43,20000000,25,青木町,2,商業地域,,10
44,27000000,25,青木町,4,商業地域,ＲＣ,10
45,23000000,45,青木町,1,商業地域,,45
46,17000000,45,青木町,1,商業地域,ＳＲＣ,29
47,13000000,25,青木町,2,商業地域,ＳＲＣ,23
48,10000000,25,青木町,2,商業地域,ＳＲＣ,23
49,22000000,45,青木町,2,商業地域,ＳＲＣ,23
50,32000000,60,青木町,0,商業地域,ＳＲＣ,45
51,28000000,45,青木町,2,商業地域,,23
52,32000000,40,青木町,4,商業地域,ＲＣ,6
53,19000000,25,青木町,3,商業地域,ＲＣ,10
54,25000000,25,青木町,2,商業地域,ＲＣ,10
55,51000000,50,青木町,8,商業地域,,3
56,24000000,75,青木町,10,商業地域,ＲＣ,30
57,64000000,60,青木町,14,商業地域,,1
58,22000000,25,青木町,9,商業地域,,12
59,90000000,85,青木町,14,商業地域,,1
60,42000000,60,青木町,14,商業地域,,1
61,44000000,60,青木町,14,商業地域,,1
62,65000000,65,青木町,11,商業地域,ＲＣ,0
63,59000000,65,青木町,11,商業地域,ＲＣ,0
64,5300000,15,旭ケ丘,10,,,-1
68,9600000,15,旭ケ丘,8,近隣商業地域,ＲＣ,27
71,46000000,50,泉町,4,近隣商業地域,ＲＣ,21
72,45000000,60,泉町,4,近隣商業地域,ＲＣ,21
73,59000000,70,泉町,5,近隣商業地域,ＳＲＣ,24
74,33000000,50,泉町,4,近隣商業地域,ＲＣ,20
75,48000000,290,泉町,5,近隣商業地域,,23
76,44000000,70,泉町,5,近隣商業地域,,23
77,48000000,70,泉町,6,近隣商業地域,ＳＲＣ,23
78,36000000,55,泉町,6,近隣商業地域,ＳＲＣ,22
80,34000000,60,泉町,4,近隣商業地域,,17
82,38000000,60,入江,4,準工業地域,ＲＣ,20
88,25000000,55,入江,8,準工業地域,ＲＣ,24
90,41000000,65,入江,5,準工業地域,,8
91,33000000,60,入江,4,準工業地域,ＲＣ,18
96,17000000,60,入江,5,準工業地域,ＲＣ,32
100,46000000,65,入江,5,準工業地域,ＲＣ,6
101,28000000,60,入江,8,準工業地域,ＲＣ,12
106,38000000,60,入江,5,準工業地域,ＲＣ,5
109,39000000,70,入江,8,第１種住居地域,ＲＣ,17
117,45000000,70,入江,9,第１種住居地域,ＲＣ,32
128,43000000,70,入江,5,第１種住居地域,ＲＣ,16
130,40000000,65,浦島丘,10,準住居地域,,8
145,5600000,15,浦島町,4,商業地域,ＲＣ,33
146,13000000,15,浦島町,5,商業地域,ＳＲＣ,29
147,21000000,20,浦島町,4,商業地域,ＲＣ,5
148,22000000,20,浦島町,4,商業地域,ＲＣ,5
149,6300000,20,浦島町,4,商業地域,ＲＣ,33
150,4500000,60,浦島町,5,商業地域,ＲＣ,41
151,38000000,70,浦島町,4,商業地域,ＲＣ,26
152,28000000,55,浦島町,4,商業地域,,24
153,26000000,60,浦島町,5,商業地域,ＲＣ,41
154,34000000,55,浦島町,4,商業地域,ＲＣ,26
155,8000000,15,浦島町,5,商業地域,,32
158,6200000,15,浦島町,5,商業地域,ＳＲＣ,27
159,6300000,15,浦島町,4,商業地域,ＲＣ,30
160,29000000,60,浦島町,5,商業地域,,23
161,7400000,15,浦島町,5,商業地域,ＳＲＣ,25
172,6500000,15,大口通,3,近隣商業地域,ＲＣ,31
173,5700000,15,大口通,3,近隣商業地域,ＲＣ,31
174,10000000,15,大口通,5,第１種住居地域,,27
176,26000000,60,大口通,4,第１種住居地域,ＳＲＣ,42
177,26000000,60,大口通,4,第１種住居地域,ＳＲＣ,42
179,9100000,15,大口通,4,第１種住居地域,ＲＣ,26
180,8700000,15,大口通,4,第１種住居地域,ＲＣ,26
184,29000000,30,大口通,5,商業地域,ＲＣ,1
189,11000000,15,大口通,4,第１種住居地域,ＲＣ,26
190,28000000,30,大口通,4,商業地域,,1
191,20000000,60,大口通,4,第１種住居地域,ＲＣ,41
192,32000000,60,大口通,4,第１種住居地域,ＳＲＣ,41
193,33000000,70,大口通,3,近隣商業地域,,22
196,29000000,65,大口通,4,第１種住居地域,,41
197,26000000,50,大口通,2,近隣商業地域,ＲＣ,19
198,7800000,15,大口通,5,第１種住居地域,,26
202,7500000,15,大口通,5,第１種住居地域,,25
203,27000000,30,大口通,5,商業地域,ＲＣ,0
205,36000000,60,大口通,1,近隣商業地域,ＲＣ,20
206,40000000,60,大口通,4,近隣商業地域,ＲＣ,21
207,4500000,60,大口通,2,近隣商業地域,ＲＣ,18
208,29000000,30,大口通,5,商業地域,,0
209,30000000,30,大口通,5,商業地域,,0
214,31000000,65,大口通,3,近隣商業地域,,17
215,30000000,65,大口通,4,近隣商業地域,,21
216,38000000,60,大口通,4,近隣商業地域,ＲＣ,20
217,28000000,55,大口通,6,第１種住居地域,ＲＣ,6
219,27000000,55,大口通,4,第１種住居地域,,6
220,5800000,15,大口通,4,第１種住居地域,ＲＣ,24
224,6800000,15,大口通,5,第１種住居地域,ＲＣ,24
227,3500000,30,大口通,1,近隣商業地域,ＲＣ,17
228,27000000,60,大口通,4,第１種住居地域,,39
229,23000000,20,大口通,3,近隣商業地域,ＲＣ,2
230,25000000,65,大口通,1,近隣商業地域,ＲＣ,18
232,40000000,65,大口通,5,商業地域,ＲＣ,2
233,27000000,60,大口通,4,第１種住居地域,ＲＣ,33
234,19000000,65,大口通,4,近隣商業地域,,33
235,18000000,55,大口通,4,第１種住居地域,,30
237,5500000,15,大口通,5,第１種住居地域,ＲＣ,23
238,27000000,55,大口通,9,商業地域,ＲＣ,6
239,25000000,50,大口通,2,近隣商業地域,ＲＣ,16
240,26000000,60,大口通,4,近隣商業地域,ＲＣ,19
242,15000000,15,大口通,5,第１種住居地域,ＲＣ,23
243,33000000,55,大口通,5,近隣商業地域,ＲＣ,33
244,17000000,30,大口通,3,近隣商業地域,ＲＣ,16
246,23000000,60,大口通,4,近隣商業地域,,21
248,30000000,60,大口通,4,近隣商業地域,,19
250,34000000,60,大口通,4,近隣商業地域,,18
251,24000000,65,大口通,4,近隣商業地域,ＲＣ,18
256,25000000,60,大口仲町,9,第１種住居地域,ＲＣ,36
261,3900000,15,大口仲町,13,第１種住居地域,ＲＣ,33
275,15000000,45,大口仲町,9,第１種住居地域,ＲＣ,34
280,33000000,55,大口仲町,11,第１種住居地域,,4
281,38000000,65,大口仲町,8,第１種住居地域,ＲＣ,20
288,21000000,50,大口仲町,20,第１種住居地域,,33
296,4200000,15,大口仲町,13,第１種住居地域,ＲＣ,30
299,14000000,45,大口仲町,9,第１種住居地域,ＲＣ,32
303,37000000,65,大口仲町,4,近隣商業地域,ＲＣ,13
304,32000000,60,大口仲町,11,第１種住居地域,ＲＣ,30
305,23000000,60,大口仲町,11,第１種住居地域,ＲＣ,30
306,37000000,60,大口仲町,11,第１種住居地域,ＲＣ,6
307,32000000,60,大口仲町,10,第１種住居地域,ＲＣ,12
311,31000000,70,大口仲町,11,第１種住居地域,ＲＣ,27
313,49000000,45,大野町,8,工業地域,ＲＣ,11
314,87000000,75,大野町,14,工業地域,,11
315,100000000,85,大野町,8,工業地域,,9
316,9600000,50,大野町,8,工業地域,ＲＣ,9
317,24000000,65,大野町,8,工業地域,ＲＣ,8
318,58000000,65,大野町,8,工業地域,ＲＣ,8
319,81000000,70,大野町,8,工業地域,ＲＣ,8
320,65000000,60,大野町,8,工業地域,ＲＣ,8
323,6500000,50,片倉,6,第２種中高層住居専用地域,ＲＣ,52
324,18000000,50,片倉,6,第１種住居地域,ＲＣ,52
325,36000000,60,片倉,12,準住居地域,ＲＣ,9
326,19000000,50,片倉,6,第２種中高層住居専用地域,ＲＣ,52
327,32000000,65,片倉,6,第１種住居地域,ＲＣ,19
338,31000000,65,片倉,4,第１種低層住居専用地域,ＲＣ,24
343,42000000,65,片倉,4,近隣商業地域,ＲＣ,8
344,19000000,50,片倉,7,第２種中高層住居専用地域,ＲＣ,52
345,49000000,65,片倉,3,近隣商業地域,,8
346,6000000,20,片倉,11,準住居地域,ＲＣ,29
347,7100000,50,片倉,6,第２種中高層住居専用地域,ＲＣ,52
348,12000000,65,片倉,9,第２種中高層住居専用地域,ＲＣ,52
354,45000000,65,片倉,1,近隣商業地域,ＲＣ,7
355,36000000,60,片倉,12,準住居地域,ＲＣ,9
356,30000000,65,片倉,4,第１種住居地域,ＲＣ,37
363,33000000,65,片倉,15,準住居地域,ＲＣ,20
364,49000000,70,片倉,4,第１種住居地域,ＲＣ,2
365,39000000,65,片倉,9,第１種住居地域,,5
373,20000000,55,片倉,8,第１種住居地域,ＲＣ,35
374,39000000,60,片倉,7,第１種住居地域,ＲＣ,5
375,42000000,65,片倉,4,近隣商業地域,,7
376,44000000,65,片倉,4,近隣商業地域,ＲＣ,7
379,13000000,65,片倉,8,第２種中高層住居専用地域,,51
380,46000000,70,片倉,4,第１種住居地域,ＲＣ,2
387,50000000,80,片倉,10,準住居地域,ＲＣ,11
388,19000000,50,片倉,5,,ＲＣ,51
389,5300000,50,片倉,7,第２種中高層住居専用地域,ＲＣ,51
395,34000000,65,片倉,4,第１種低層住居専用地域,ＲＣ,22
396,14000000,50,片倉,6,第２種中高層住居専用地域,ＲＣ,50
397,40000000,80,片倉,10,準住居地域,ＲＣ,10
404,9000000,50,片倉,6,第２種中高層住居専用地域,,50
405,5400000,15,片倉,8,第１種住居地域,ＲＣ,32
407,7500000,50,片倉,6,第２種中高層住居専用地域,ＲＣ,50
408,17000000,50,片倉,8,第２種中高層住居専用地域,ＲＣ,50
409,18000000,65,片倉,9,第２種中高層住居専用地域,,50
410,8000000,50,片倉,8,第２種中高層住居専用地域,ＲＣ,50
412,33000000,65,片倉,3,,ＲＣ,20
413,5000000,50,片倉,8,第２種中高層住居専用地域,,50
414,34000000,65,片倉,5,第２種中高層住居専用地域,ＲＣ,14
415,32000000,60,片倉,3,第１種住居地域,ＲＣ,17
416,22000000,65,片倉,8,第２種中高層住居専用地域,,50
417,42000000,85,片倉,3,第１種住居地域,ＲＣ,18
422,37000000,55,片倉,3,第１種住居地域,ＲＣ,17
423,19000000,65,片倉,8,第２種中高層住居専用地域,ＲＣ,49
428,22000000,65,片倉,11,第２種中高層住居専用地域,ＲＣ,49
429,32000000,65,片倉,10,第２種中高層住居専用地域,,49
430,4200000,15,片倉,6,第１種住居地域,,15
432,27000000,65,片倉,4,第１種住居地域,ＲＣ,34
433,35000000,65,片倉,4,第１種低層住居専用地域,ＲＣ,21
444,25000000,60,片倉,4,第２種中高層住居専用地域,,17
445,9500000,65,片倉,11,第２種中高層住居専用地域,ＲＣ,49
450,32000000,70,片倉,3,第１種住居地域,,16
451,11000000,65,片倉,8,第２種中高層住居専用地域,ＲＣ,48
462,26000000,60,片倉,13,準住居地域,ＲＣ,28
465,38000000,75,片倉,15,準住居地域,ＲＣ,19
467,35000000,60,片倉,8,準住居地域,ＳＲＣ,25
469,36000000,60,片倉,10,準住居地域,,9
470,22000000,60,片倉,8,準住居地域,ＳＲＣ,25
471,36000000,75,片倉,11,準住居地域,ＲＣ,23
472,20000000,50,片倉,10,準住居地域,ＲＣ,25
474,37000000,70,片倉,11,準住居地域,ＲＣ,22
475,15000000,45,片倉,10,準住居地域,,32
476,25000000,65,片倉,10,準住居地域,ＲＣ,29
480,30000000,65,片倉,11,準住居地域,ＲＣ,15
482,17000000,60,片倉,10,準住居地域,ＲＣ,28
483,17000000,50,片倉,10,準住居地域,ＲＣ,27
484,31000000,65,片倉,8,準住居地域,ＳＲＣ,22
485,39000000,65,片倉,11,準住居地域,ＲＣ,13
486,27000000,65,片倉,9,第１種住居地域,ＲＣ,17
488,32000000,65,片倉,10,第１種住居地域,,17
489,24000000,20,神奈川,8,商業地域,ＲＣ,4
490,26000000,40,神奈川,8,商業地域,ＳＲＣ,34
492,22000000,40,神奈川,8,商業地域,ＳＲＣ,34
496,22000000,20,神奈川,5,商業地域,,6
497,8000000,20,神奈川,3,商業地域,,30
498,10000000,20,神奈川,1,商業地域,鉄骨造,30
499,11000000,15,神奈川,6,商業地域,ＳＲＣ,30
500,6400000,15,神奈川,1,商業地域,鉄骨造,28
501,7700000,15,神奈川,6,商業地域,ＳＲＣ,34
502,21000000,20,神奈川,6,商業地域,ＲＣ,7
503,25000000,35,神奈川,9,商業地域,ＲＣ,16
504,6900000,15,神奈川,6,商業地域,ＳＲＣ,33
505,9500000,15,神奈川,6,商業地域,ＳＲＣ,33
506,21000000,20,神奈川,6,商業地域,ＲＣ,7
507,22000000,20,神奈川,6,商業地域,ＲＣ,7
509,11000000,40,神奈川,6,商業地域,,29
510,7300000,15,神奈川,6,商業地域,ＳＲＣ,31
511,7400000,15,神奈川,6,商業地域,ＳＲＣ,30
513,11000000,15,神奈川,6,商業地域,ＳＲＣ,29
516,6500000,15,神奈川,6,商業地域,ＳＲＣ,29
517,12000000,15,神奈川,6,商業地域,ＳＲＣ,29
518,5700000,15,神奈川本町,5,近隣商業地域,ＲＣ,33
519,6000000,15,神奈川本町,5,近隣商業地域,ＲＣ,32
520,5200000,15,神奈川本町,5,近隣商業地域,ＲＣ,32
523,5400000,15,神奈川本町,5,近隣商業地域,ＲＣ,29
524,43000000,45,神奈川本町,4,近隣商業地域,ＲＣ,2
525,46000000,60,神奈川本町,3,近隣商業地域,,21
526,28000000,60,神奈川本町,3,近隣商業地域,ＲＣ,19
527,43000000,65,神奈川本町,3,近隣商業地域,ＲＣ,20
528,30000000,60,神奈川本町,3,近隣商業地域,ＲＣ,19
557,39000000,75,神之木台,10,第１種住居地域,ＲＣ,17
561,40000000,80,神之木台,10,第１種住居地域,,17
562,46000000,85,神之木台,10,第１種住居地域,,17
564,40000000,75,神之木台,10,第１種住居地域,ＲＣ,16
566,45000000,80,神之木台,10,第１種住居地域,,16
575,22000000,50,神之木町,3,近隣商業地域,,33
579,36000000,60,神之木町,6,第１種住居地域,ＲＣ,10
581,33000000,65,神之木町,5,準工業地域,ＲＣ,24
582,19000000,50,神之木町,4,第２種住居地域,ＲＣ,32
590,14000000,55,神之木町,10,第１種住居地域,,34
592,5500000,15,神之木町,3,第１種住居地域,,31
597,28000000,60,神之木町,7,第１種住居地域,ＲＣ,34
600,37000000,75,神之木町,3,近隣商業地域,ＲＣ,29
602,33000000,55,神之木町,4,第２種住居地域,ＲＣ,29
605,15000000,55,神之木町,2,近隣商業地域,,29
607,22000000,50,神之木町,3,近隣商業地域,,28
608,28000000,50,神之木町,5,準工業地域,,30
609,36000000,55,神之木町,7,第１種住居地域,ＲＣ,32
612,39000000,65,神之木町,6,第１種住居地域,ＲＣ,6
613,36000000,65,神之木町,6,第１種住居地域,ＲＣ,6
614,15000000,55,神之木町,4,第２種住居地域,ＲＣ,28
618,6100000,15,神之木町,1,近隣商業地域,,28
619,39000000,65,神之木町,6,第１種住居地域,ＲＣ,6
620,21000000,50,神之木町,6,準工業地域,ＲＣ,29
621,38000000,65,神之木町,6,第１種住居地域,ＲＣ,6
622,42000000,70,神之木町,4,準工業地域,ＲＣ,12
636,42000000,70,神大寺,14,第１種中高層住居専用地域,ＲＣ,5
641,25000000,105,神大寺,15,第２種中高層住居専用地域,ＲＣ,38
644,21000000,50,神大寺,10,第２種中高層住居専用地域,ＲＣ,30
645,23000000,75,神大寺,13,第２種中高層住居専用地域,ＲＣ,34
652,30000000,70,神大寺,6,第１種住居地域,ＲＣ,20
653,19000000,55,神大寺,10,第２種中高層住居専用地域,ＲＣ,30
660,38000000,65,神大寺,8,第２種中高層住居専用地域,ＲＣ,20
662,38000000,60,神大寺,15,第２種中高層住居専用地域,,2
666,17000000,60,神大寺,13,第２種中高層住居専用地域,ＲＣ,32
667,20000000,55,神大寺,11,第２種中高層住居専用地域,,28
669,38000000,75,神大寺,7,第２種中高層住居専用地域,ＲＣ,15
680,23000000,50,神大寺,6,第２種中高層住居専用地域,,31
681,16000000,75,神大寺,13,第２種中高層住居専用地域,,34
682,29000000,60,神大寺,10,第２種中高層住居専用地域,ＲＣ,22
683,29000000,65,神大寺,13,第１種中高層住居専用地域,ＲＣ,22
684,7500000,15,神大寺,10,第２種中高層住居専用地域,,27
685,40000000,75,神大寺,8,第２種中高層住居専用地域,,14
690,33000000,85,神大寺,13,第２種中高層住居専用地域,ＲＣ,31
691,32000000,65,神大寺,9,第２種中高層住居専用地域,ＲＣ,14
692,16000000,75,神大寺,14,第２種中高層住居専用地域,ＲＣ,34
719,29000000,60,神大寺,9,第２種中高層住居専用地域,ＲＣ,30
731,24000000,60,神大寺,9,第２種中高層住居専用地域,ＲＣ,28
734,30000000,55,神大寺,10,第２種中高層住居専用地域,,28
753,40000000,65,桐畑,4,準住居地域,ＲＣ,18
754,35000000,50,桐畑,4,準住居地域,ＲＣ,16
755,23000000,35,桐畑,3,商業地域,ＲＣ,21
761,39000000,55,桐畑,2,商業地域,ＲＣ,18
763,51000000,70,桐畑,2,商業地域,ＲＣ,18
765,130000000,80,金港町,7,工業地域,,14
766,95000000,75,金港町,6,工業地域,,13
767,140000000,70,金港町,5,工業地域,ＲＣ,14
768,96000000,60,金港町,5,工業地域,ＲＣ,14
769,60000000,50,金港町,5,工業地域,ＲＣ,14
770,80000000,60,金港町,5,工業地域,ＲＣ,14
773,110000000,70,金港町,5,工業地域,ＲＣ,14
774,95000000,75,金港町,5,工業地域,ＲＣ,13
775,86000000,70,金港町,9,工業地域,ＲＣ,12
776,160000000,90,金港町,8,工業地域,,13
777,140000000,90,金港町,9,工業地域,ＲＣ,11
778,52000000,55,金港町,5,工業地域,ＲＣ,12
779,96000000,70,金港町,5,工業地域,ＲＣ,12
780,130000000,65,金港町,5,工業地域,,10
781,38000000,45,金港町,9,工業地域,ＲＣ,11
782,36000000,45,金港町,9,工業地域,ＲＣ,11
783,120000000,70,金港町,7,工業地域,ＲＣ,12
784,160000000,85,金港町,5,工業地域,,12
785,77000000,75,金港町,9,工業地域,ＲＣ,10
786,130000000,85,金港町,7,工業地域,ＲＣ,11
787,62000000,50,金港町,10,工業地域,ＲＣ,11
788,79000000,75,金港町,9,工業地域,ＲＣ,10
789,72000000,70,金港町,9,工業地域,ＲＣ,10
790,90000000,70,金港町,10,工業地域,ＲＣ,11
791,81000000,70,金港町,6,工業地域,,9
792,90000000,90,金港町,9,工業地域,ＲＣ,9
793,57000000,50,金港町,10,工業地域,ＲＣ,10
794,64000000,60,金港町,10,工業地域,ＲＣ,10
795,73000000,70,金港町,9,工業地域,ＲＣ,9
796,140000000,70,金港町,9,工業地域,ＲＣ,9
797,45000000,50,金港町,10,工業地域,ＲＣ,10
798,79000000,70,金港町,9,工業地域,ＲＣ,9
799,140000000,85,金港町,9,工業地域,ＲＣ,10
800,100000000,80,金港町,9,工業地域,ＲＣ,9
804,42000000,75,栗田谷,10,第１種中高層住居専用地域,ＲＣ,15
816,55000000,75,栗田谷,10,第２種中高層住居専用地域,,12
833,9500000,45,栗田谷,9,第１種中高層住居専用地域,ＲＣ,30
851,36000000,70,子安台,15,第２種中高層住居専用地域,ＲＣ,17
852,18000000,70,子安台,17,第２種中高層住居専用地域,,17
853,24000000,70,子安台,16,第２種中高層住居専用地域,,17
854,28000000,70,子安台,15,第２種中高層住居専用地域,ＲＣ,16
862,19000000,70,子安台,11,準住居地域,ＳＲＣ,53
871,18000000,65,子安台,11,準住居地域,ＳＲＣ,50
872,21000000,30,子安台,13,準住居地域,ＲＣ,21
875,26000000,65,子安台,13,準住居地域,ＲＣ,9
876,17000000,65,子安台,11,準住居地域,ＳＲＣ,49
879,7000000,65,子安台,11,準住居地域,ＳＲＣ,49
880,24000000,30,子安台,13,準住居地域,ＲＣ,8
881,34000000,65,子安台,14,準住居地域,,8
882,23000000,70,子安台,15,第２種中高層住居専用地域,,20
883,38000000,55,子安通,4,商業地域,,8
884,47000000,75,子安通,3,商業地域,ＲＣ,8
886,7800000,15,子安通,3,商業地域,ＳＲＣ,32
887,44000000,70,子安通,3,商業地域,ＲＣ,8
889,5300000,15,子安通,6,商業地域,ＳＲＣ,33
891,18000000,20,子安通,3,商業地域,ＲＣ,6
892,33000000,55,子安通,2,商業地域,,16
893,4400000,15,子安通,6,商業地域,ＳＲＣ,32
894,1900000,15,子安通,3,商業地域,ＳＲＣ,30
895,35000000,60,子安通,3,近隣商業地域,ＲＣ,6
896,5000000,15,子安通,5,商業地域,ＳＲＣ,31
897,37000000,65,子安通,2,商業地域,ＲＣ,8
898,5900000,15,子安通,3,商業地域,ＳＲＣ,30
901,6400000,15,子安通,5,商業地域,ＳＲＣ,31
902,17000000,40,子安通,9,商業地域,ＳＲＣ,37
903,35000000,65,子安通,3,近隣商業地域,ＲＣ,6
906,25000000,50,子安通,7,商業地域,ＳＲＣ,23
907,19000000,60,子安通,7,商業地域,ＳＲＣ,23
909,24000000,25,子安通,3,商業地域,,3
910,24000000,25,子安通,3,商業地域,,3
911,4300000,15,子安通,3,商業地域,ＳＲＣ,29
912,14000000,40,子安通,9,商業地域,ＳＲＣ,36
913,4800000,15,子安通,5,商業地域,ＳＲＣ,30
914,7300000,15,子安通,5,商業地域,ＳＲＣ,27
915,35000000,65,子安通,3,近隣商業地域,ＲＣ,5
916,12000000,15,子安通,5,商業地域,ＳＲＣ,26
917,33000000,55,子安通,4,商業地域,,17
918,3800000,15,子安通,5,商業地域,ＳＲＣ,29
919,8700000,15,子安通,5,商業地域,ＳＲＣ,29
920,8000000,15,子安通,3,商業地域,ＳＲＣ,29
921,15000000,40,子安通,9,商業地域,ＳＲＣ,35
922,12000000,15,子安通,3,商業地域,ＳＲＣ,29
923,9500000,15,子安通,3,商業地域,ＳＲＣ,28
924,7300000,15,子安通,3,商業地域,ＳＲＣ,29
925,8500000,15,子安通,3,商業地域,ＳＲＣ,29
926,6800000,15,子安通,5,商業地域,ＳＲＣ,29
928,5800000,15,子安通,3,商業地域,ＳＲＣ,28
929,18000000,20,子安通,3,商業地域,,8
931,20000000,25,子安通,3,商業地域,,14
932,24000000,30,子安通,1,商業地域,ＲＣ,19
935,19000000,20,子安通,3,商業地域,ＲＣ,14
938,24000000,50,子安通,1,商業地域,,14
939,20000000,25,子安通,3,商業地域,ＲＣ,12
940,19000000,20,子安通,4,商業地域,,6
941,17000000,35,子安通,2,商業地域,ＲＣ,11
944,21000000,20,子安通,3,商業地域,,6
945,21000000,20,子安通,3,商業地域,ＲＣ,6
947,21000000,25,子安通,1,商業地域,,12
949,20000000,20,子安通,3,商業地域,,5
950,19000000,35,子安通,2,商業地域,ＲＣ,13
951,19000000,25,子安通,3,商業地域,ＲＣ,11
954,21000000,45,子安通,3,商業地域,,12
955,16000000,20,子安通,3,商業地域,ＲＣ,5
956,20000000,25,子安通,3,商業地域,,8
958,12000000,35,子安通,4,商業地域,,14
959,19000000,30,子安通,1,商業地域,ＲＣ,16
963,21000000,20,子安通,3,商業地域,,9
964,18000000,30,子安通,1,商業地域,ＲＣ,15
965,7000000,30,子安通,1,商業地域,ＲＣ,15
966,26000000,60,子安通,2,商業地域,ＲＣ,8
967,22000000,25,子安通,9,商業地域,ＲＣ,10
968,20000000,20,子安通,3,商業地域,ＲＣ,9
969,12000000,40,子安通,8,商業地域,,35
971,33000000,60,子安通,12,商業地域,ＲＣ,15
972,40000000,70,子安通,3,商業地域,ＲＣ,10
973,26000000,65,子安通,6,商業地域,ＲＣ,14
974,24000000,50,子安通,10,商業地域,ＳＲＣ,25
975,24000000,55,子安通,6,商業地域,ＳＲＣ,35
976,16000000,45,子安通,6,商業地域,,15
977,35000000,70,子安通,3,,ＲＣ,10
978,40000000,60,子安通,6,商業地域,ＲＣ,14
979,42000000,70,子安通,3,,ＲＣ,10
980,28000000,45,子安通,12,商業地域,ＲＣ,15
981,6500000,20,子安通,3,商業地域,,33
982,21000000,35,子安通,6,商業地域,,16
983,35000000,50,子安通,3,,ＲＣ,10
985,6000000,15,子安通,2,商業地域,ＳＲＣ,33
986,37000000,60,子安通,5,商業地域,ＲＣ,7
987,41000000,70,子安通,3,,ＲＣ,10
988,33000000,65,子安通,7,商業地域,ＲＣ,13
989,2500000,15,子安通,3,商業地域,,32
990,29000000,55,子安通,12,商業地域,ＲＣ,14
991,35000000,60,子安通,6,商業地域,,13
992,25000000,50,子安通,6,商業地域,ＳＲＣ,34
993,7000000,15,子安通,2,商業地域,ＳＲＣ,32
994,43000000,70,子安通,6,商業地域,ＲＣ,11
995,34000000,60,子安通,5,商業地域,ＲＣ,6
996,15000000,55,子安通,6,商業地域,ＳＲＣ,34
997,29000000,55,子安通,10,商業地域,ＳＲＣ,24
998,29000000,50,子安通,10,商業地域,,14
999,23000000,25,子安通,3,商業地域,ＲＣ,4
1000,23000000,25,子安通,3,商業地域,ＲＣ,4
1001,34000000,60,子安通,6,商業地域,,13
1002,28000000,70,子安通,7,商業地域,ＲＣ,14
1003,33000000,55,子安通,5,商業地域,,6
1004,20000000,50,子安通,6,商業地域,ＳＲＣ,34
1005,22000000,55,子安通,3,,ＲＣ,9
1006,6500000,15,子安通,4,商業地域,ＳＲＣ,32
1007,36000000,60,子安通,6,商業地域,ＲＣ,11
1009,34000000,70,子安通,12,商業地域,ＲＣ,13
1010,7600000,15,子安通,4,商業地域,ＳＲＣ,31
1011,43000000,65,子安通,5,商業地域,ＲＣ,12
1012,34000000,70,子安通,5,商業地域,ＲＣ,18
1014,42000000,65,子安通,6,商業地域,,12
1015,38000000,60,子安通,5,商業地域,ＲＣ,12
1016,41000000,70,子安通,3,商業地域,,8
1017,37000000,70,子安通,8,商業地域,,13
1018,24000000,25,子安通,3,商業地域,ＳＲＣ,4
1020,37000000,70,子安通,6,商業地域,ＲＣ,10
1021,36000000,55,子安通,5,商業地域,ＳＲＣ,23
1022,39000000,50,子安通,12,商業地域,ＲＣ,12
1023,25000000,25,子安通,3,商業地域,ＳＲＣ,3
1024,41000000,60,子安通,6,商業地域,ＳＲＣ,11
1025,20000000,50,子安通,8,商業地域,ＳＲＣ,22
1026,29000000,60,子安通,3,商業地域,,18
1027,36000000,65,子安通,6,商業地域,ＲＣ,11
1028,16000000,55,子安通,10,商業地域,ＲＣ,22
1029,41000000,65,子安通,6,商業地域,,11
1030,4500000,15,子安通,15,商業地域,,36
1031,21000000,45,子安通,7,商業地域,,11
1032,32000000,75,子安通,4,商業地域,,16
1033,26000000,60,子安通,10,商業地域,ＲＣ,21
1034,21000000,50,子安通,9,商業地域,,11
1035,11000000,15,子安通,4,商業地域,ＳＲＣ,29
1036,7900000,15,子安通,3,商業地域,ＳＲＣ,26
1037,32000000,70,子安通,12,商業地域,ＲＣ,11
1038,17000000,35,子安通,5,商業地域,ＲＣ,12
1039,5500000,15,子安通,4,商業地域,ＳＲＣ,28
1040,21000000,35,子安通,5,商業地域,ＲＣ,12
1041,9800000,25,子安通,6,商業地域,ＳＲＣ,31
1042,32000000,65,子安通,4,商業地域,ＲＣ,10
1043,35000000,65,子安通,4,商業地域,ＲＣ,10
1044,23000000,50,子安通,12,商業地域,ＲＣ,11
1045,31000000,60,子安通,4,商業地域,ＲＣ,10
1046,31000000,60,子安通,5,商業地域,ＲＣ,16
1047,29000000,50,子安通,5,商業地域,ＲＣ,3
1048,22000000,25,子安通,6,商業地域,ＲＣ,10
1049,33000000,70,子安通,7,商業地域,ＲＣ,10
1050,33000000,60,子安通,3,商業地域,ＲＣ,21
1051,31000000,60,子安通,3,商業地域,ＲＣ,20
1052,7700000,15,子安通,6,商業地域,,31
1053,25000000,45,子安通,3,商業地域,ＲＣ,19
1054,29000000,60,子安通,3,商業地域,ＲＣ,18
1055,24000000,60,子安通,3,商業地域,ＲＣ,17
1059,11000000,30,斎藤分町,12,第１種中高層住居専用地域,,31
1063,5000000,35,斎藤分町,12,第１種中高層住居専用地域,,30
1064,5000000,35,斎藤分町,12,第１種中高層住居専用地域,,30
1071,33000000,35,斎藤分町,6,近隣商業地域,ＲＣ,1
1072,33000000,35,斎藤分町,7,近隣商業地域,ＲＣ,1
1073,31000000,30,斎藤分町,7,近隣商業地域,ＲＣ,1
1092,21000000,20,栄町,9,商業地域,ＲＣ,7
1093,15000000,20,栄町,5,商業地域,ＳＲＣ,23
1094,21000000,20,栄町,9,商業地域,ＲＣ,6
1095,47000000,55,栄町,7,商業地域,ＲＣ,12
1096,4000000,15,栄町,3,商業地域,ＳＲＣ,43
1097,25000000,20,栄町,10,商業地域,ＲＣ,3
1098,45000000,55,栄町,7,商業地域,ＲＣ,12
1099,44000000,60,栄町,10,商業地域,ＲＣ,22
1100,20000000,25,栄町,5,商業地域,ＳＲＣ,22
1101,24000000,20,栄町,9,商業地域,,2
1102,34000000,35,栄町,4,商業地域,ＳＲＣ,12
1103,4600000,10,栄町,3,商業地域,ＳＲＣ,42
1104,30000000,35,栄町,3,商業地域,ＲＣ,12
1105,32000000,60,栄町,10,商業地域,ＲＣ,21
1106,31000000,35,栄町,4,商業地域,,12
1107,6000000,15,栄町,3,商業地域,ＳＲＣ,42
1108,5000000,15,栄町,3,商業地域,ＳＲＣ,41
1109,12000000,20,栄町,5,商業地域,ＳＲＣ,20
1110,4700000,15,栄町,3,商業地域,ＳＲＣ,41
1111,17000000,20,栄町,5,商業地域,ＳＲＣ,20
1112,40000000,50,栄町,4,商業地域,ＲＣ,19
1113,39000000,55,栄町,7,商業地域,ＲＣ,10
1115,40000000,60,栄町,4,商業地域,,19
1116,41000000,65,栄町,8,商業地域,,16
1117,20000000,20,栄町,9,商業地域,ＲＣ,9
1118,17000000,20,栄町,5,商業地域,ＳＲＣ,19
1119,28000000,25,栄町,9,商業地域,ＲＣ,1
1120,41000000,50,栄町,7,商業地域,ＲＣ,9
1121,43000000,60,栄町,4,商業地域,ＲＣ,18
1122,36000000,60,栄町,4,商業地域,ＲＣ,18
1123,18000000,20,栄町,5,商業地域,ＳＲＣ,19
1124,33000000,40,栄町,7,商業地域,ＲＣ,9
1125,42000000,55,栄町,7,商業地域,ＲＣ,9
1126,28000000,20,栄町,9,商業地域,ＲＣ,1
1127,22000000,20,栄町,9,商業地域,ＲＣ,3
1128,27000000,20,栄町,9,商業地域,ＲＣ,1
1129,68000000,85,栄町,10,工業地域,ＳＲＣ,15
1131,17000000,20,栄町,7,商業地域,,19
1132,38000000,60,栄町,7,商業地域,ＲＣ,16
1133,30000000,70,栄町,7,商業地域,ＲＣ,15
1134,44000000,55,栄町,7,商業地域,ＲＣ,8
1136,24000000,60,栄町,4,商業地域,,17
1137,33000000,60,栄町,4,商業地域,ＲＣ,17
1138,48000000,60,栄町,4,商業地域,ＲＣ,17
1139,41000000,50,栄町,7,商業地域,ＲＣ,8
1141,5600000,15,栄町,3,商業地域,ＳＲＣ,39
1142,33000000,60,栄町,4,商業地域,ＲＣ,17
1143,82000000,75,栄町,10,工業地域,ＳＲＣ,21
1144,70000000,60,栄町,10,工業地域,ＳＲＣ,21
1145,18000000,20,栄町,15,商業地域,ＲＣ,6
1146,74000000,70,栄町,10,工業地域,ＳＲＣ,20
1147,56000000,65,栄町,13,商業地域,ＳＲＣ,27
1148,77000000,65,栄町,9,工業地域,,20
1149,57000000,65,栄町,10,工業地域,ＳＲＣ,20
1150,34000000,40,栄町,13,商業地域,ＳＲＣ,27
1151,130000000,100,栄町,15,工業地域,ＲＣ、鉄骨造,18
1152,16000000,20,栄町,15,商業地域,ＲＣ,12
1153,16000000,20,栄町,15,商業地域,ＲＣ,12
1154,64000000,70,栄町,10,工業地域,ＳＲＣ,20
1155,65000000,70,栄町,11,工業地域,,20
1156,35000000,50,栄町,13,商業地域,ＳＲＣ,27
1157,63000000,75,栄町,15,工業地域,ＲＣ、鉄骨造,18
1158,15000000,20,栄町,15,商業地域,ＲＣ,12
1159,48000000,45,栄町,10,工業地域,ＳＲＣ,19
1160,62000000,70,栄町,10,工業地域,ＳＲＣ,19
1161,38000000,55,栄町,10,商業地域,ＲＣ,25
1162,36000000,50,栄町,11,商業地域,,20
1163,46000000,60,栄町,12,商業地域,ＲＣ,22
1164,35000000,40,栄町,16,商業地域,ＲＣ,7
1165,43000000,55,栄町,10,商業地域,ＲＣ,26
1166,68000000,85,栄町,13,商業地域,ＳＲＣ,26
1167,24000000,35,栄町,6,商業地域,,12
1168,16000000,20,栄町,15,商業地域,ＲＣ,11
1169,46000000,50,栄町,16,工業地域,ＲＣ,6
1170,44000000,65,栄町,8,商業地域,ＳＲＣ,20
1171,74000000,85,栄町,15,工業地域,ＲＣ、鉄骨造,16
1172,43000000,65,栄町,13,商業地域,ＳＲＣ,25
1173,66000000,65,栄町,12,工業地域,,16
1174,30000000,40,栄町,13,商業地域,ＳＲＣ,25
1175,40000000,55,栄町,13,商業地域,ＳＲＣ,25
1176,70000000,65,栄町,15,工業地域,ＲＣ、鉄骨造,16
1177,46000000,60,栄町,16,商業地域,ＲＣ,6
1178,68000000,80,栄町,10,工業地域,ＲＣ,17
1179,43000000,60,栄町,8,商業地域,ＳＲＣ,19
1180,29000000,50,栄町,13,商業地域,ＳＲＣ,24
1181,51000000,70,栄町,13,商業地域,ＳＲＣ,24
1182,51000000,65,栄町,15,工業地域,ＲＣ、鉄骨造,15
1183,180000000,210,栄町,11,工業地域,ＲＣ,15
1184,76000000,85,栄町,10,工業地域,,15
1185,42000000,65,栄町,13,商業地域,ＳＲＣ,24
1186,31000000,50,栄町,13,商業地域,ＳＲＣ,24
1187,60000000,70,栄町,15,工業地域,,15
1188,36000000,55,栄町,13,商業地域,ＳＲＣ,24
1189,63000000,65,栄町,10,工業地域,ＲＣ,17
1190,56000000,65,栄町,16,商業地域,ＲＣ,5
1191,19000000,20,栄町,15,商業地域,ＲＣ,9
1192,19000000,20,栄町,15,商業地域,ＲＣ,9
1193,30000000,55,栄町,8,商業地域,ＳＲＣ,19
1194,50000000,55,栄町,10,工業地域,ＲＣ,16
1195,41000000,65,栄町,13,商業地域,ＳＲＣ,23
1196,15000000,20,栄町,15,商業地域,ＲＣ,8
1197,72000000,65,栄町,11,工業地域,ＲＣ,14
1198,61000000,75,栄町,11,工業地域,ＲＣ,14
1199,64000000,70,栄町,16,工業地域,,14
1200,64000000,70,栄町,10,工業地域,ＲＣ,16
1201,35000000,50,栄町,13,商業地域,ＳＲＣ,23
1202,14000000,30,沢渡,9,近隣商業地域,,27
1212,35000000,70,沢渡,19,第１種中高層住居専用地域,ＲＣ,35
1215,13000000,30,沢渡,13,近隣商業地域,ＲＣ,27
1216,21000000,55,沢渡,19,第１種中高層住居専用地域,ＲＣ,33
1218,28000000,70,沢渡,19,第１種中高層住居専用地域,ＲＣ,31
1222,31000000,60,三枚町,9,準住居地域,ＲＣ,10
1224,41000000,65,三枚町,9,準住居地域,ＲＣ,10
1226,22000000,50,三枚町,11,第１種住居地域,ＲＣ,36
1231,20000000,50,三枚町,10,第１種住居地域,ＲＣ,35
1233,23000000,60,三枚町,9,第１種住居地域,ＲＣ,33
1234,19000000,50,三枚町,11,第１種住居地域,ＲＣ,35
1236,23000000,60,三枚町,21,第１種住居地域,ＲＣ,37
1237,11000000,55,三枚町,8,第１種住居地域,,35
1245,19000000,50,三枚町,10,第１種住居地域,ＲＣ,34
1246,37000000,65,三枚町,9,準住居地域,ＲＣ,8
1248,5700000,15,三枚町,11,第１種住居地域,ＲＣ,28
1250,21000000,60,三枚町,21,第１種住居地域,ＲＣ,35
1252,8000000,15,三枚町,10,第１種住居地域,,27
1253,24000000,55,三枚町,11,第１種住居地域,,33
1258,20000000,55,三枚町,11,第１種住居地域,,31
1259,21000000,50,三枚町,10,第１種住居地域,ＲＣ,32
1269,38000000,65,三枚町,9,準住居地域,ＲＣ,6
1276,3700000,15,三枚町,18,第１種住居地域,ＲＣ,31
1281,2100000,15,三枚町,18,第１種住居地域,ＲＣ,30
1294,63000000,80,白幡上町,6,第１種低層住居専用地域,ＲＣ,9
1298,61000000,70,白幡上町,6,第１種住居地域,ＲＣ,5
1335,8900000,15,白幡町,7,近隣商業地域,ＲＣ,25
1387,5900000,15,白幡西町,8,第１種低層住居専用地域,ＲＣ,29
1406,10000000,15,白幡西町,8,第１種低層住居専用地域,ＲＣ,26
1410,49000000,65,白幡東町,8,第１種中高層住居専用地域,ＲＣ,5
1412,44000000,65,白幡東町,8,第１種中高層住居専用地域,ＲＣ,4
1413,35000000,100,白幡東町,10,第１種中高層住居専用地域,ＲＣ,25
1414,46000000,70,白幡東町,8,第１種中高層住居専用地域,ＲＣ,4
1415,42000000,65,白幡東町,8,第１種中高層住居専用地域,ＲＣ,3
1416,44000000,65,白幡東町,13,近隣商業地域,,0
1418,36000000,95,白幡東町,10,第１種中高層住居専用地域,,9
1419,37000000,65,白幡東町,8,第１種中高層住居専用地域,ＲＣ,1
1430,28000000,65,白幡南町,16,第１種住居地域,,37
1431,35000000,80,白幡南町,16,第１種住居地域,,36
1434,25000000,55,白幡南町,12,第１種中高層住居専用地域,ＲＣ,22
1435,21000000,65,白幡南町,8,第１種中高層住居専用地域,,34
1437,26000000,55,白幡南町,13,近隣商業地域,ＲＣ,22
1446,21000000,45,白幡南町,9,第２種中高層住居専用地域,ＲＣ,38
1447,11000000,30,白幡南町,9,第２種中高層住居専用地域,ＲＣ,38
1449,21000000,45,白幡南町,9,第２種中高層住居専用地域,ＲＣ,38
1455,11000000,45,白幡南町,9,第２種中高層住居専用地域,ＲＣ,36
1457,16000000,50,白幡南町,9,第２種中高層住居専用地域,ＲＣ,35
1461,7300000,15,白幡向町,8,近隣商業地域,ＲＣ,34
1473,7900000,15,白幡向町,8,近隣商業地域,ＲＣ,31
1480,6600000,15,白幡向町,8,近隣商業地域,ＲＣ,30
1490,48000000,15,白幡向町,8,近隣商業地域,ＲＣ,29
1497,5000000,15,白幡向町,8,近隣商業地域,ＲＣ,29
1500,57000000,75,白幡向町,10,第２種中高層住居専用地域,ＲＣ,4
1501,3700000,15,白幡向町,8,近隣商業地域,ＲＣ,32
1502,71000000,85,白幡向町,10,第２種中高層住居専用地域,ＲＣ,3
1505,56000000,70,白幡向町,10,第２種中高層住居専用地域,ＲＣ,2
1507,39000000,55,新浦島町,5,工業地域,ＲＣ,17
1508,39000000,55,新浦島町,6,工業地域,,17
1509,32000000,55,新浦島町,5,工業地域,ＲＣ,17
1510,40000000,50,新浦島町,5,工業地域,ＲＣ,17
1511,40000000,70,新浦島町,6,工業地域,ＲＣ,18
1512,36000000,55,新浦島町,5,工業地域,ＲＣ,16
1513,34000000,55,新浦島町,3,工業地域,ＲＣ,16
1514,38000000,70,新浦島町,8,工業地域,,17
1515,37000000,60,新浦島町,5,工業地域,ＲＣ,16
1516,34000000,55,新浦島町,3,工業地域,ＲＣ,19
1517,37000000,55,新浦島町,5,工業地域,ＲＣ,16
1518,41000000,65,新浦島町,5,工業地域,ＲＣ,16
1519,40000000,60,新浦島町,6,工業地域,,14
1520,36000000,55,新浦島町,5,工業地域,ＲＣ,16
1521,36000000,70,新浦島町,6,工業地域,ＲＣ,16
1522,34000000,65,新浦島町,6,工業地域,ＲＣ,16
1523,38000000,65,新浦島町,6,工業地域,ＲＣ,16
1524,32000000,60,新浦島町,5,工業地域,ＲＣ,15
1525,38000000,60,新浦島町,5,工業地域,ＲＣ,15
1526,44000000,80,新浦島町,5,工業地域,ＲＣ,15
1527,30000000,50,新浦島町,4,工業地域,ＲＣ,15
1528,34000000,70,新浦島町,6,工業地域,ＲＣ,15
1529,32000000,50,新浦島町,5,工業地域,ＲＣ,14
1530,36000000,70,新浦島町,6,工業地域,ＲＣ,15
1531,30000000,55,新浦島町,5,工業地域,,14
1532,29000000,50,新浦島町,5,工業地域,ＲＣ,14
1533,36000000,65,新浦島町,8,工業地域,,15
1534,39000000,70,新浦島町,5,工業地域,ＲＣ,14
1535,32000000,60,新浦島町,3,工業地域,ＲＣ,14
1536,34000000,55,新浦島町,5,工業地域,ＲＣ,14
1537,25000000,70,新浦島町,3,工業地域,ＲＣ,13
1538,24000000,65,新浦島町,6,工業地域,ＲＣ,14
1539,34000000,70,新浦島町,6,準工業地域,ＲＣ,14
1540,39000000,65,新浦島町,6,工業地域,ＲＣ,14
1541,37000000,70,新浦島町,3,工業地域,ＲＣ,13
1542,35000000,70,新浦島町,6,工業地域,ＲＣ,14
1543,31000000,55,新浦島町,3,工業地域,ＲＣ,13
1544,35000000,70,新浦島町,6,工業地域,ＲＣ,14
1546,34000000,65,新子安,8,第１種住居地域,ＲＣ,14
1547,53000000,70,新子安,8,第１種住居地域,ＳＲＣ,19
1548,52000000,70,新子安,8,第１種住居地域,,18
1551,48000000,60,新子安,6,第１種住居地域,,7
1552,55000000,70,新子安,8,第１種住居地域,ＲＣ,27
1553,5700000,15,新子安,4,第１種住居地域,ＲＣ,34
1554,5800000,15,新子安,7,近隣商業地域,,35
1556,50000000,70,新子安,5,第１種住居地域,ＳＲＣ,21
1557,52000000,70,新子安,5,第１種住居地域,ＳＲＣ,21
1558,35000000,75,新子安,8,第１種住居地域,ＲＣ,26
1560,4700000,15,新子安,4,第１種住居地域,,36
1561,43000000,70,新子安,8,第１種住居地域,,22
1562,31000000,65,新子安,10,第１種住居地域,,21
1563,37000000,60,新子安,6,近隣商業地域,ＲＣ,16
1564,43000000,65,新子安,6,近隣商業地域,ＲＣ,19
1566,42000000,70,新子安,8,第１種住居地域,ＲＣ,22
1567,63000000,70,新子安,6,第１種住居地域,ＲＣ、鉄骨造,6
1568,52000000,65,新子安,6,第１種住居地域,ＲＣ、鉄骨造,6
1570,58000000,75,新子安,5,第１種住居地域,ＳＲＣ,20
1572,5700000,15,新子安,6,近隣商業地域,ＲＣ,33
1573,9000000,15,新子安,4,第１種住居地域,ＲＣ,32
1574,39000000,70,新子安,8,第１種住居地域,,21
1575,46000000,70,新子安,6,第１種住居地域,,5
1576,52000000,65,新子安,5,第１種住居地域,,5
1577,40000000,75,新子安,4,第１種住居地域,,10
1580,50000000,65,新子安,6,第１種住居地域,ＲＣ,5
1581,29000000,55,新子安,9,第１種住居地域,ＲＣ,19
1582,53000000,65,新子安,6,第１種住居地域,ＲＣ、鉄骨造,4
1583,45000000,70,新子安,6,第１種住居地域,ＲＣ,6
1584,4400000,15,新子安,4,第１種住居地域,ＲＣ,31
1585,34000000,65,新子安,8,第１種住居地域,ＲＣ,20
1587,55000000,70,新子安,6,第１種住居地域,ＲＣ、鉄骨造,4
1588,30000000,65,新子安,5,第１種住居地域,ＲＣ,21
1589,50000000,65,新子安,6,第１種住居地域,ＲＣ、鉄骨造,4
1590,8100000,15,新子安,7,第１種住居地域,ＲＣ,31
1594,11000000,15,新子安,4,第１種住居地域,ＲＣ,31
1595,51000000,70,新子安,6,第１種住居地域,ＲＣ、鉄骨造,4
1596,50000000,65,新子安,6,第１種住居地域,ＲＣ、鉄骨造,4
1599,45000000,65,新子安,5,第１種住居地域,,2
1600,59000000,70,新子安,6,第１種住居地域,ＲＣ、鉄骨造,3
1601,49000000,65,新子安,6,第１種住居地域,ＲＣ、鉄骨造,3
1602,54000000,75,新子安,6,第１種住居地域,ＳＲＣ,18
1603,11000000,15,新子安,3,第１種住居地域,ＲＣ,30
1604,42000000,70,新子安,6,第１種住居地域,ＳＲＣ,18
1605,8300000,15,新子安,3,第１種住居地域,ＲＣ,30
1606,57000000,70,新子安,6,第１種住居地域,ＲＣ、鉄骨造,3
1607,49000000,60,新子安,6,第１種住居地域,ＳＲＣ,18
1608,28000000,65,新子安,8,第１種住居地域,ＲＣ,18
1609,47000000,70,新子安,6,第１種住居地域,ＲＣ,5
1610,53000000,65,新子安,4,第１種住居地域,,2
1611,6900000,15,新子安,3,第１種住居地域,ＲＣ,29
1613,45000000,70,新子安,6,第１種住居地域,ＲＣ,4
1614,34000000,60,新子安,6,第１種住居地域,ＳＲＣ,17
1615,5600000,15,新子安,8,近隣商業地域,ＲＣ,30
1616,46000000,70,新子安,6,第１種住居地域,ＳＲＣ,17
1617,6500000,15,新町,2,商業地域,ＳＲＣ,30
1618,8000000,15,新町,2,商業地域,ＳＲＣ,29
1619,24000000,20,新町,4,商業地域,ＳＲＣ,4
1620,39000000,55,新町,3,商業地域,ＲＣ,26
1621,24000000,50,新町,4,商業地域,,40
1622,5800000,15,新町,2,商業地域,ＳＲＣ,28
1623,17000000,35,新町,5,商業地域,ＳＲＣ,40
1624,30000000,50,新町,5,,ＲＣ,40
1625,23000000,55,新町,3,商業地域,ＳＲＣ,25
1626,8400000,15,新町,2,商業地域,ＳＲＣ,28
1627,7200000,15,新町,3,商業地域,,28
1628,18000000,35,新町,5,商業地域,,40
1629,24000000,20,新町,4,商業地域,ＳＲＣ,3
1630,25000000,20,新町,4,商業地域,ＳＲＣ,3
1631,26000000,20,新町,4,商業地域,ＳＲＣ,3
1632,7800000,15,新町,2,商業地域,ＳＲＣ,27
1633,5100000,15,新町,2,商業地域,ＳＲＣ,27
1635,25000000,20,新町,4,商業地域,ＳＲＣ,2
1636,25000000,20,新町,4,商業地域,ＳＲＣ,2
1637,25000000,20,新町,4,商業地域,ＳＲＣ,2
1638,18000000,50,新町,5,,ＲＣ,39
1639,25000000,20,新町,4,商業地域,ＳＲＣ,2
1640,26000000,20,新町,4,商業地域,ＳＲＣ,2
1644,36000000,55,新町,3,商業地域,ＳＲＣ,23
1645,21000000,20,新町,2,商業地域,ＲＣ,1
1646,5400000,15,新町,3,商業地域,ＲＣ,30
1647,9700000,15,新町,1,商業地域,ＳＲＣ,26
1648,23000000,20,新町,2,商業地域,ＲＣ,1
1649,23000000,20,新町,2,商業地域,ＲＣ,1
1650,7200000,15,新町,2,商業地域,,25
1651,9000000,15,新町,1,商業地域,ＳＲＣ,25
1652,5800000,15,新町,1,商業地域,ＳＲＣ,25
1654,12000000,45,菅田町,21,第１種中高層住居専用地域,ＲＣ,50
1657,13000000,45,菅田町,24,第１種中高層住居専用地域,ＲＣ,50
1658,13000000,45,菅田町,24,第１種中高層住居専用地域,ＲＣ,50
1666,3000000,45,菅田町,20,第１種中高層住居専用地域,ＲＣ,48
1668,6000000,45,菅田町,15,第１種中高層住居専用地域,,48
1673,11000000,45,菅田町,19,第１種中高層住居専用地域,,47
1675,5000000,45,菅田町,18,第１種中高層住居専用地域,,47
1679,8500000,45,菅田町,19,第１種中高層住居専用地域,ＲＣ,46
1680,6000000,45,菅田町,18,第１種中高層住居専用地域,ＲＣ,46
1681,9500000,45,菅田町,45,第１種住居地域,ＲＣ,32
1692,13000000,50,菅田町,28,第１種住居地域,,38
1696,5500000,50,菅田町,25,第１種住居地域,ＲＣ,36
1712,22000000,80,菅田町,25,第１種住居地域,ＲＣ,13
1723,6000000,35,菅田町,23,第１種低層住居専用地域,ＲＣ,28
1724,14000000,45,菅田町,25,第１種住居地域,,34
1735,14000000,65,菅田町,19,第１種住居地域,ＳＲＣ,41
1747,10000000,65,菅田町,19,第１種住居地域,ＳＲＣ,39
1752,12000000,45,菅田町,23,第１種低層住居専用地域,ＲＣ,34
1765,12000000,50,菅田町,19,第１種住居地域,ＳＲＣ,38
1766,6300000,45,菅田町,25,第１種住居地域,ＲＣ,22
1776,14000000,60,菅田町,19,第１種低層住居専用地域,ＳＲＣ,37
1777,7000000,50,菅田町,19,第１種住居地域,ＳＲＣ,37
1787,17000000,20,台町,1,商業地域,ＲＣ,18
1788,46000000,55,台町,3,商業地域,ＳＲＣ,27
1789,24000000,50,台町,3,商業地域,ＳＲＣ,27
1790,9400000,15,台町,2,商業地域,ＳＲＣ,27
1791,38000000,60,台町,5,商業地域,,26
1792,38000000,70,台町,5,商業地域,ＲＣ,23
1793,18000000,20,台町,1,商業地域,ＲＣ,17
1794,16000000,20,台町,1,商業地域,,17
1795,21000000,20,台町,1,商業地域,,17
1797,21000000,20,台町,1,商業地域,,16
1798,18000000,20,台町,2,商業地域,ＲＣ,16
1799,19000000,20,台町,2,商業地域,ＲＣ,16
1800,11000000,45,台町,3,商業地域,,44
1801,9500000,15,台町,2,商業地域,ＳＲＣ,29
1803,43000000,80,台町,5,商業地域,ＲＣ,15
1804,77000000,75,台町,4,商業地域,,16
1805,17000000,20,台町,1,商業地域,,15
1806,16000000,15,台町,2,商業地域,ＳＲＣ,27
1807,18000000,25,台町,3,商業地域,ＲＣ,17
1808,15000000,20,台町,3,商業地域,,24
1809,17000000,20,台町,2,商業地域,ＲＣ,14
1810,39000000,65,台町,10,工業地域,ＲＣ,17
1811,4500000,25,台町,7,商業地域,ＳＲＣ,47
1812,1800000,25,台町,7,商業地域,,47
1813,7000000,15,台町,9,第１種住居地域,,38
1815,14000000,20,台町,7,商業地域,ＳＲＣ,46
1816,47000000,50,台町,6,商業地域,ＲＣ,9
1817,37000000,55,台町,9,商業地域,ＳＲＣ,33
1818,32000000,45,台町,9,商業地域,ＳＲＣ,33
1819,46000000,60,台町,11,商業地域,ＲＣ,18
1820,12000000,15,台町,6,商業地域,ＳＲＣ,29
1821,12000000,25,台町,7,商業地域,ＳＲＣ,46
1822,30000000,50,台町,9,商業地域,ＳＲＣ,33
1823,33000000,60,台町,11,商業地域,ＲＣ,18
1824,8800000,20,台町,6,商業地域,ＳＲＣ,39
1825,12000000,15,台町,6,商業地域,ＳＲＣ,29
1826,43000000,50,台町,6,商業地域,ＲＣ,9
1827,11000000,15,台町,7,商業地域,ＳＲＣ,27
1828,40000000,55,台町,9,商業地域,,32
1829,12000000,15,台町,7,商業地域,ＳＲＣ,27
1830,9300000,15,台町,10,商業地域,,27
1831,43000000,65,台町,7,商業地域,,17
1832,13000000,15,台町,7,商業地域,ＳＲＣ,27
1835,54000000,70,台町,7,商業地域,ＲＣ,28
1836,8500000,25,台町,6,商業地域,ＳＲＣ,37
1837,35000000,60,台町,6,商業地域,,25
1838,22000000,30,台町,6,商業地域,,10
1839,10000000,15,台町,10,商業地域,ＳＲＣ,26
1840,5700000,25,台町,7,商業地域,ＳＲＣ,44
1841,9400000,15,台町,6,商業地域,,28
1842,25000000,50,台町,8,商業地域,ＳＲＣ,30
1843,20000000,40,台町,6,商業地域,ＳＲＣ,36
1844,14000000,15,台町,7,商業地域,ＳＲＣ,25
1845,12000000,15,台町,7,商業地域,,26
1846,11000000,15,台町,6,商業地域,ＳＲＣ,26
1847,36000000,55,台町,9,商業地域,ＳＲＣ,21
1848,9800000,15,台町,7,商業地域,ＳＲＣ,25
1849,7800000,20,台町,6,商業地域,ＳＲＣ,36
1850,13000000,15,台町,6,商業地域,ＳＲＣ,26
1851,19000000,50,台町,5,商業地域,ＲＣ,18
1852,30000000,75,台町,9,商業地域,ＳＲＣ,45
1853,16000000,15,台町,7,商業地域,ＳＲＣ,24
1854,18000000,15,台町,7,商業地域,ＳＲＣ,24
1855,18000000,15,台町,7,商業地域,ＳＲＣ,24
1856,18000000,15,台町,7,商業地域,ＳＲＣ,24
1857,5200000,25,台町,7,商業地域,ＳＲＣ,42
1859,8500000,20,台町,7,商業地域,ＳＲＣ,42
1860,56000000,70,高島台,5,第２種中高層住居専用地域,,14
1869,70000000,75,高島台,10,第２種中高層住居専用地域,ＲＣ,11
1870,63000000,70,高島台,10,第２種中高層住居専用地域,ＲＣ,11
1871,56000000,70,高島台,10,第２種中高層住居専用地域,ＲＣ,15
1872,63000000,75,高島台,10,第２種中高層住居専用地域,ＲＣ,9
1873,73000000,85,高島台,10,第２種中高層住居専用地域,ＲＣ,9
1874,75000000,90,高島台,10,第２種中高層住居専用地域,ＲＣ,9
1875,57000000,75,高島台,10,第２種中高層住居専用地域,ＲＣ,9
1879,36000000,70,立町,8,商業地域,ＲＣ,24
1880,34000000,70,立町,7,商業地域,ＳＲＣ,19
1881,43000000,50,反町,6,商業地域,,23
1882,7500000,20,反町,3,商業地域,,36
1883,18000000,20,反町,4,商業地域,ＲＣ,20
1884,32000000,55,反町,5,商業地域,,24
1885,34000000,40,反町,3,商業地域,ＳＲＣ,15
1886,50000000,60,反町,3,商業地域,ＲＣ,9
1887,20000000,20,反町,4,商業地域,ＲＣ,14
1888,21000000,20,反町,4,商業地域,ＲＣ,14
1889,55000000,65,反町,3,商業地域,ＲＣ,9
1890,59000000,60,反町,5,商業地域,ＲＣ,3
1891,24000000,20,反町,2,商業地域,ＲＣ,6
1892,15000000,20,反町,4,商業地域,ＲＣ,19
1893,36000000,40,反町,3,商業地域,ＳＲＣ,15
1894,20000000,20,反町,3,商業地域,ＳＲＣ,15
1895,35000000,55,反町,3,商業地域,ＲＣ,14
1896,18000000,20,反町,4,商業地域,ＲＣ,14
1897,27000000,50,反町,5,商業地域,ＲＣ,22
1899,18000000,20,反町,4,商業地域,,14
1900,20000000,20,反町,3,商業地域,ＳＲＣ,15
1901,17000000,20,反町,3,商業地域,,17
1902,25000000,20,反町,3,商業地域,,5
1903,15000000,20,反町,3,商業地域,ＳＲＣ,14
1904,17000000,25,反町,4,商業地域,,18
1905,24000000,20,反町,3,商業地域,,11
1906,6500000,15,反町,4,商業地域,ＳＲＣ,32
1907,23000000,20,反町,3,商業地域,ＲＣ,5
1908,15000000,20,反町,4,商業地域,ＲＣ,15
1910,21000000,20,反町,3,商業地域,ＳＲＣ,14
1911,6000000,15,反町,4,商業地域,ＳＲＣ,32
1912,22000000,20,反町,4,商業地域,,13
1913,20000000,20,反町,3,商業地域,ＲＣ,13
1914,18000000,25,反町,4,商業地域,,18
1915,6300000,15,反町,4,商業地域,,32
1916,6300000,15,反町,4,商業地域,,32
1917,24000000,20,反町,2,商業地域,ＲＣ,5
1918,19000000,20,反町,3,商業地域,ＳＲＣ,14
1919,19000000,25,反町,4,商業地域,,18
1920,21000000,20,反町,4,商業地域,,18
1921,19000000,20,反町,4,商業地域,,17
1922,30000000,60,反町,5,商業地域,ＲＣ,20
1923,22000000,20,反町,2,商業地域,ＲＣ,4
1924,23000000,60,反町,4,商業地域,ＳＲＣ,22
1925,13000000,20,反町,4,商業地域,,17
1926,18000000,20,反町,4,商業地域,,13
1927,45000000,65,反町,4,商業地域,,12
1928,39000000,55,反町,3,商業地域,ＳＲＣ,27
1929,30000000,70,反町,3,商業地域,ＳＲＣ,27
1930,23000000,20,反町,4,商業地域,,4
1931,17000000,20,反町,3,商業地域,ＲＣ,16
1932,9600000,20,反町,3,商業地域,ＲＣ,33
1933,750000,15,反町,3,商業地域,ＲＣ,31
1935,23000000,20,反町,2,商業地域,ＲＣ,3
1936,17000000,20,反町,4,商業地域,,11
1937,7900000,20,反町,3,商業地域,ＲＣ,32
1938,15000000,30,反町,4,商業地域,鉄骨造,13
1939,13000000,20,反町,4,商業地域,鉄骨造,13
1940,7800000,15,反町,3,商業地域,ＳＲＣ,30
1942,17000000,20,反町,4,商業地域,ＳＲＣ,16
1943,9600000,15,反町,3,商業地域,ＳＲＣ,30
1944,28000000,50,反町,4,商業地域,ＳＲＣ,21
1945,16000000,20,反町,2,商業地域,ＲＣ,3
1946,21000000,20,反町,3,商業地域,ＳＲＣ,12
1947,15000000,30,反町,4,商業地域,,13
1948,49000000,65,反町,4,商業地域,,11
1949,2100000,20,反町,3,商業地域,ＳＲＣ,12
1951,38000000,55,反町,4,商業地域,ＲＣ,10
1952,33000000,55,反町,4,商業地域,ＳＲＣ,20
1953,49000000,65,反町,3,商業地域,ＲＣ,10
1954,20000000,20,反町,4,商業地域,ＲＣ,10
1955,34000000,55,反町,3,商業地域,ＳＲＣ,25
1956,40000000,60,反町,5,商業地域,ＲＣ,18
1957,19000000,20,反町,3,商業地域,ＳＲＣ,11
1959,19000000,20,反町,3,商業地域,ＳＲＣ,11
1960,16000000,20,反町,4,商業地域,ＳＲＣ,15
1961,10000000,20,反町,3,商業地域,ＲＣ,14
1963,7900000,20,鶴屋町,6,商業地域,ＳＲＣ,40
1964,11000000,25,鶴屋町,9,商業地域,ＳＲＣ,36
1965,40000000,60,鶴屋町,9,商業地域,ＲＣ,36
1966,26000000,20,鶴屋町,6,商業地域,ＲＣ,9
1967,29000000,30,鶴屋町,4,商業地域,ＲＣ,9
1968,24000000,20,鶴屋町,6,商業地域,ＲＣ,8
1969,24000000,20,鶴屋町,6,商業地域,ＲＣ,8
1970,33000000,60,鶴屋町,9,商業地域,,35
1973,9300000,20,鶴屋町,9,商業地域,,34
1975,23000000,20,鶴屋町,6,商業地域,ＲＣ,7
1976,9600000,20,鶴屋町,6,商業地域,ＳＲＣ,38
1977,40000000,75,鶴屋町,9,商業地域,,34
1979,35000000,50,鶴屋町,5,商業地域,,32
1980,29000000,30,鶴屋町,4,商業地域,ＲＣ,7
1981,30000000,60,鶴屋町,7,商業地域,,33
1982,24000000,20,鶴屋町,6,商業地域,ＲＣ,6
1983,11000000,25,鶴屋町,9,商業地域,,33
1984,25000000,20,鶴屋町,6,商業地域,ＲＣ,6
1985,24000000,20,鶴屋町,6,商業地域,ＲＣ,6
1986,23000000,20,鶴屋町,6,商業地域,ＲＣ,6
1987,10000000,25,鶴屋町,9,商業地域,,33
1988,23000000,20,鶴屋町,6,商業地域,ＲＣ,6
1989,6600000,35,鶴屋町,8,商業地域,ＳＲＣ,37
1990,19000000,20,鶴屋町,7,商業地域,,6
1991,38000000,50,鶴屋町,4,商業地域,,31
1992,17000000,40,鶴屋町,8,商業地域,,28
1993,22000000,20,鶴屋町,6,商業地域,ＲＣ,5
1994,26000000,30,鶴屋町,4,商業地域,ＲＣ,5
1995,11000000,25,鶴屋町,6,商業地域,ＳＲＣ,36
1996,13000000,25,鶴屋町,5,商業地域,ＳＲＣ,30
1997,22000000,20,鶴屋町,6,商業地域,ＲＣ,5
2000,13000000,25,鶴屋町,5,商業地域,ＳＲＣ,30
2001,9200000,20,鶴屋町,6,商業地域,ＳＲＣ,36
2002,20000000,20,鶴屋町,6,商業地域,ＲＣ,5
2003,46000000,55,富家町,5,商業地域,ＲＣ,17
2004,49000000,70,富家町,6,準住居地域,ＲＣ,18
2005,48000000,85,富家町,3,商業地域,,42
2006,41000000,65,富家町,1,商業地域,ＳＲＣ,41
2007,40000000,65,富家町,1,商業地域,ＳＲＣ,41
2008,33000000,60,富家町,6,準住居地域,ＲＣ,20
2009,38000000,75,富家町,1,商業地域,ＳＲＣ,40
2010,33000000,65,富家町,3,商業地域,,40
2011,36000000,65,富家町,3,商業地域,ＳＲＣ,40
2012,45000000,55,富家町,5,商業地域,ＲＣ,14
2013,41000000,85,富家町,3,商業地域,ＳＲＣ,39
2014,39000000,55,富家町,5,商業地域,ＲＣ,14
2015,52000000,80,富家町,6,準住居地域,ＲＣ,15
2016,28000000,85,富家町,3,商業地域,ＳＲＣ,39
2017,44000000,85,富家町,3,商業地域,ＳＲＣ,38
2018,46000000,75,富家町,6,準住居地域,ＲＣ,17
2035,18000000,40,七島町,10,第１種中高層住居専用地域,,31
2038,20000000,40,七島町,9,近隣商業地域,,29
2041,24000000,20,七島町,5,近隣商業地域,ＲＣ,1
2042,25000000,20,七島町,5,近隣商業地域,ＲＣ,1
2043,25000000,20,七島町,5,近隣商業地域,ＲＣ,1
2044,8000000,35,七島町,9,近隣商業地域,ＲＣ,36
2045,25000000,20,七島町,5,近隣商業地域,ＲＣ,0
2052,7000000,35,七島町,1,商業地域,,35
2057,21000000,40,七島町,3,商業地域,,35
2061,26000000,45,七島町,3,近隣商業地域,,34
2064,20000000,65,七島町,9,近隣商業地域,ＲＣ,33
2065,7900000,15,七島町,4,準住居地域,ＲＣ,31
2067,21000000,20,七島町,1,近隣商業地域,ＲＣ,1
2069,23000000,20,七島町,1,近隣商業地域,ＲＣ,1
2071,21000000,20,七島町,1,近隣商業地域,ＲＣ,1
2072,23000000,20,七島町,1,近隣商業地域,ＲＣ,1
2073,23000000,20,七島町,1,近隣商業地域,ＲＣ,1
2085,5400000,35,西大口,11,第２種中高層住居専用地域,ＲＣ,48
2088,36000000,65,西大口,11,第１種中高層住居専用地域,ＲＣ,14
2091,11000000,60,西大口,12,第１種中高層住居専用地域,,46
2093,20000000,60,西大口,10,第１種中高層住居専用地域,,46
2098,20000000,65,西大口,12,第１種中高層住居専用地域,ＲＣ,44
2101,18000000,55,西大口,29,第１種中高層住居専用地域,ＲＣ,48
2102,21000000,65,西大口,29,第１種中高層住居専用地域,ＲＣ,47
2103,23000000,55,西大口,10,第２種中高層住居専用地域,鉄骨造,49
2104,28000000,65,西大口,10,第１種中高層住居専用地域,,19
2105,34000000,65,西大口,9,第２種中高層住居専用地域,ＲＣ,14
2106,34000000,70,西大口,8,第１種中高層住居専用地域,ＲＣ,19
2108,9500000,45,西大口,10,第２種中高層住居専用地域,,48
2109,25000000,50,西大口,8,第２種中高層住居専用地域,鉄骨造,47
2110,19000000,45,西大口,10,第２種中高層住居専用地域,,47
2112,14000000,40,西大口,7,第２種中高層住居専用地域,ＲＣ,33
2113,19000000,45,西大口,8,第２種中高層住居専用地域,鉄骨造,46
2114,33000000,65,西大口,11,第１種中高層住居専用地域,,17
2115,34000000,70,西大口,10,第１種中高層住居専用地域,ＲＣ,17
2117,34000000,70,西大口,11,第１種中高層住居専用地域,ＲＣ,17
2118,11000000,55,西大口,11,第２種中高層住居専用地域,鉄骨造,45
2119,34000000,70,西大口,10,第１種中高層住居専用地域,ＲＣ,16
2122,27000000,40,西神奈川,4,商業地域,,50
2123,15000000,40,西神奈川,4,商業地域,ＳＲＣ,49
2124,42000000,65,西神奈川,3,商業地域,ＳＲＣ,22
2125,20000000,20,西神奈川,5,商業地域,ＳＲＣ,13
2126,6500000,15,西神奈川,5,商業地域,ＳＲＣ,32
2127,20000000,20,西神奈川,5,商業地域,ＳＲＣ,13
2129,57000000,65,西神奈川,3,商業地域,ＲＣ,4
2130,19000000,20,西神奈川,5,商業地域,,13
2131,22000000,20,西神奈川,5,商業地域,ＳＲＣ,13
2132,22000000,20,西神奈川,5,商業地域,ＳＲＣ,13
2133,18000000,20,西神奈川,6,商業地域,ＳＲＣ,21
2134,8800000,20,西神奈川,5,商業地域,ＳＲＣ,32
2135,10000000,20,西神奈川,3,商業地域,ＲＣ,31
2136,7500000,15,西神奈川,5,商業地域,,31
2137,9300000,20,西神奈川,3,商業地域,ＲＣ,31
2138,22000000,20,西神奈川,5,商業地域,ＳＲＣ,12
2139,18000000,20,西神奈川,6,商業地域,ＳＲＣ,20
2140,7800000,15,西神奈川,5,商業地域,,31
2141,32000000,60,西神奈川,3,商業地域,ＲＣ,22
2142,23000000,25,西神奈川,4,商業地域,ＲＣ,13
2143,21000000,20,西神奈川,5,商業地域,ＳＲＣ,12
2144,7300000,20,西神奈川,5,商業地域,ＳＲＣ,31
2145,70000000,70,西神奈川,3,商業地域,ＲＣ,3
2146,7200000,15,西神奈川,5,商業地域,ＲＣ,28
2147,6500000,30,西神奈川,4,商業地域,ＳＲＣ,48
2148,22000000,20,西神奈川,5,商業地域,ＳＲＣ,12
2149,20000000,25,西神奈川,4,商業地域,ＲＣ,13
2150,42000000,55,西神奈川,2,商業地域,ＲＣ,24
2151,13000000,20,西神奈川,4,商業地域,ＲＣ,31
2153,67000000,70,西神奈川,3,商業地域,ＲＣ,3
2154,18000000,20,西神奈川,6,商業地域,ＳＲＣ,20
2155,22000000,20,西神奈川,5,商業地域,ＳＲＣ,12
2156,6300000,20,西神奈川,4,商業地域,ＳＲＣ,31
2157,19000000,20,西神奈川,5,商業地域,ＳＲＣ,12
2158,22000000,20,西神奈川,5,商業地域,,12
2159,22000000,25,西神奈川,4,商業地域,ＲＣ,13
2160,23000000,20,西神奈川,5,商業地域,ＳＲＣ,11
2161,30000000,60,西神奈川,3,商業地域,ＲＣ,21
2162,31000000,55,西神奈川,2,商業地域,ＲＣ,23
2163,21000000,20,西神奈川,5,商業地域,ＳＲＣ,11
2165,20000000,20,西神奈川,5,商業地域,ＳＲＣ,11
2166,15000000,30,西神奈川,3,商業地域,ＲＣ,29
2167,7200000,15,西神奈川,5,商業地域,ＲＣ,27
2168,13000000,20,西神奈川,3,商業地域,ＳＲＣ,30
2169,30000000,45,西神奈川,4,商業地域,ＳＲＣ,34
2171,22000000,25,西神奈川,4,商業地域,,12
2172,35000000,55,西神奈川,5,商業地域,,18
2175,16000000,20,西神奈川,5,商業地域,ＳＲＣ,10
2179,10000000,20,西神奈川,3,商業地域,ＳＲＣ,28
2180,9300000,20,西神奈川,3,商業地域,ＳＲＣ,28
2181,21000000,25,西神奈川,4,商業地域,,10
2182,17000000,20,西神奈川,6,商業地域,ＳＲＣ,17
2184,40000000,55,西神奈川,2,商業地域,ＲＣ,21
2188,11000000,15,西神奈川,5,商業地域,ＲＣ,31
2190,30000000,50,西神奈川,5,商業地域,,14
2193,55000000,130,西神奈川,4,商業地域,,33
2194,4800000,15,西神奈川,4,商業地域,,26
2195,11000000,15,西神奈川,5,商業地域,ＲＣ,30
2196,38000000,65,西神奈川,4,商業地域,ＲＣ,17
2197,5800000,15,西神奈川,4,第１種住居地域,,33
2198,5600000,15,西神奈川,4,第１種住居地域,,33
2199,41000000,65,西神奈川,2,商業地域,ＲＣ,18
2200,12000000,15,西神奈川,5,商業地域,ＲＣ,30
2201,39000000,65,西神奈川,2,商業地域,ＲＣ,18
2202,37000000,60,西神奈川,6,第１種低層住居専用地域,ＳＲＣ,13
2203,16000000,20,西神奈川,6,商業地域,,17
2204,6500000,15,西神奈川,5,商業地域,ＲＣ,29
2206,8900000,15,西神奈川,5,商業地域,ＲＣ,29
2207,20000000,50,西神奈川,4,商業地域,ＲＣ,32
2208,40000000,70,西神奈川,1,商業地域,ＳＲＣ,19
2209,6500000,15,西神奈川,5,商業地域,ＲＣ,29
2212,45000000,85,西寺尾,14,第２種中高層住居専用地域,ＲＣ,19
2213,38000000,60,西寺尾,12,第１種住居地域,,10
2219,4500000,25,西寺尾,14,第２種中高層住居専用地域,ＲＣ,39
2220,19000000,65,西寺尾,10,準工業地域,ＲＣ,32
2221,47000000,80,西寺尾,13,第２種中高層住居専用地域,ＲＣ,19
2230,40000000,70,西寺尾,14,第２種中高層住居専用地域,ＲＣ,18
2242,9000000,55,西寺尾,15,,ＲＣ,31
2253,35000000,75,西寺尾,14,第２種中高層住居専用地域,ＲＣ,17
2258,24000000,75,西寺尾,15,第２種中高層住居専用地域,ＲＣ,27
2259,11000000,50,西寺尾,13,第２種中高層住居専用地域,ＲＣ,30
2260,24000000,75,西寺尾,10,準工業地域,ＲＣ,31
2261,18000000,65,西寺尾,19,第２種中高層住居専用地域,ＲＣ,22
2271,26000000,70,西寺尾,14,第２種中高層住居専用地域,ＲＣ,17
2274,38000000,65,西寺尾,10,第１種住居地域,ＲＣ,8
2286,24000000,65,西寺尾,19,第２種中高層住居専用地域,ＲＣ,21
2287,17000000,50,西寺尾,14,第２種中高層住居専用地域,ＲＣ,37
2289,38000000,65,西寺尾,12,第１種住居地域,ＲＣ,7
2290,7200000,50,西寺尾,14,第２種中高層住居専用地域,ＲＣ,37
2295,5300000,15,西寺尾,15,準工業地域,ＲＣ,32
2296,4000000,15,西寺尾,15,準工業地域,,32
2297,15000000,50,西寺尾,10,準工業地域,,37
2298,9000000,15,西寺尾,15,準工業地域,ＲＣ,32
2299,21000000,40,西寺尾,15,第２種中高層住居専用地域,ＲＣ,26
2301,18000000,55,西寺尾,8,準工業地域,ＲＣ,36
2306,44000000,65,西寺尾,10,第１種住居地域,,6
2311,36000000,60,西寺尾,10,第１種住居地域,ＲＣ,6
2312,37000000,65,西寺尾,12,第１種住居地域,ＲＣ,6
2322,37000000,65,西寺尾,10,第１種住居地域,ＲＣ,5
2333,42000000,70,西寺尾,10,第１種住居地域,ＲＣ,5
2334,7600000,15,西寺尾,15,準工業地域,,30
2335,20000000,65,西寺尾,18,第２種中高層住居専用地域,,27
2336,34000000,75,西寺尾,14,第２種中高層住居専用地域,ＲＣ,14
2346,12000000,40,西寺尾,15,第２種中高層住居専用地域,ＲＣ,24
2351,4600000,25,西寺尾,14,第２種中高層住居専用地域,ＲＣ,35
2357,14000000,65,西寺尾,20,第２種中高層住居専用地域,ＲＣ,32
2358,16000000,60,西寺尾,19,第２種中高層住居専用地域,ＲＣ,31
2360,10000000,70,西寺尾,19,第２種中高層住居専用地域,ＲＣ,29
2361,23000000,80,西寺尾,16,第２種中高層住居専用地域,ＲＣ,39
2364,16000000,75,西寺尾,16,第２種中高層住居専用地域,ＲＣ,35
2365,11000000,70,西寺尾,16,第２種中高層住居専用地域,ＲＣ,35
2369,30000000,60,西寺尾,15,準工業地域,ＲＣ,32
2371,20000000,60,西寺尾,15,準工業地域,ＲＣ,31
2372,32000000,75,西寺尾,15,準工業地域,ＲＣ,31
2375,20000000,75,西寺尾,15,準工業地域,ＲＣ,30
2380,13000000,60,西寺尾,15,準工業地域,ＲＣ,29
2396,7500000,15,白楽,1,第１種住居地域,ＲＣ,35
2402,6600000,15,白楽,1,第１種住居地域,ＲＣ,31
2404,9100000,15,白楽,1,第１種住居地域,ＲＣ,30
2407,6900000,15,白楽,1,第１種住居地域,,30
2408,6800000,15,白楽,1,第１種住居地域,ＲＣ,32
2411,13000000,15,白楽,1,第１種住居地域,ＲＣ,28
2418,7000000,50,羽沢町,18,第１種中高層住居専用地域,ＲＣ,50
2419,9500000,45,羽沢町,19,第１種中高層住居専用地域,ＲＣ,50
2420,12000000,45,羽沢町,19,第１種中高層住居専用地域,ＲＣ,50
2421,14000000,45,羽沢町,20,第１種中高層住居専用地域,ＲＣ,50
2422,5200000,45,羽沢町,19,第１種中高層住居専用地域,ＲＣ,50
2423,1500000,45,羽沢町,19,第１種中高層住居専用地域,ＲＣ,50
2424,1500000,45,羽沢町,18,第１種中高層住居専用地域,ＲＣ,50
2427,10000000,45,羽沢町,19,第１種中高層住居専用地域,ＲＣ,49
2428,11000000,45,羽沢町,21,第１種住居地域,ＲＣ,49
2429,1500000,45,羽沢町,19,第１種中高層住居専用地域,,49
2430,9500000,45,羽沢町,19,第１種中高層住居専用地域,ＲＣ,49
2431,9800000,45,羽沢町,20,第１種中高層住居専用地域,,48
2433,7500000,45,羽沢町,20,第１種中高層住居専用地域,,49
2434,27000000,85,羽沢町,23,第１種住居地域,ＲＣ,21
2435,13000000,45,羽沢町,18,第１種中高層住居専用地域,ＲＣ,48
2436,1500000,45,羽沢町,23,第１種中高層住居専用地域,ＲＣ,48
2438,8000000,45,羽沢町,19,第１種中高層住居専用地域,,48
2440,2000000,45,羽沢町,19,第１種中高層住居専用地域,,48
2441,2500000,45,羽沢町,19,第１種中高層住居専用地域,,48
2442,4000000,45,羽沢町,18,第１種中高層住居専用地域,ＲＣ,47
2443,4700000,45,羽沢町,24,第１種住居地域,ＲＣ,47
2444,4000000,45,羽沢町,23,第１種中高層住居専用地域,ＲＣ,47
2445,6300000,45,羽沢町,19,第１種中高層住居専用地域,ＲＣ,47
2446,9800000,45,羽沢町,19,第１種中高層住居専用地域,ＲＣ,47
2448,12000000,45,羽沢町,19,第１種中高層住居専用地域,ＲＣ,47
2449,2000000,45,羽沢町,19,第１種中高層住居専用地域,ＲＣ,47
2450,10000000,45,羽沢町,19,第１種中高層住居専用地域,ＲＣ,47
2452,3500000,45,羽沢町,19,第１種中高層住居専用地域,,50
2453,17000000,70,羽沢町,19,第１種住居地域,ＲＣ,18
2454,6700000,45,羽沢町,16,第１種中高層住居専用地域,ＲＣ,46
2456,29000000,70,羽沢町,22,第１種住居地域,,19
2457,5900000,45,羽沢町,19,第１種中高層住居専用地域,ＲＣ,46
2458,5000000,45,羽沢町,21,第１種住居地域,ＲＣ,34
2459,13000000,45,羽沢町,20,第１種中高層住居専用地域,ＲＣ,46
2460,5000000,45,羽沢町,18,第１種中高層住居専用地域,,46
2464,5800000,45,羽沢町,19,第１種中高層住居専用地域,ＲＣ,46
2490,25000000,70,羽沢町,20,第１種住居地域,ＲＣ,23
2496,25000000,70,羽沢町,20,第１種住居地域,ＲＣ,22
2497,8800000,45,羽沢町,28,第１種中高層住居専用地域,ＲＣ,49
2499,24000000,80,羽沢町,20,第１種住居地域,ＲＣ,22
2506,34000000,70,羽沢南,25,第１種住居地域,ＲＣ,24
2512,16000000,55,羽沢南,16,第１種住居地域,ＲＣ,29
2530,19000000,65,羽沢南,19,第１種住居地域,ＲＣ,22
2535,29000000,85,羽沢南,21,第１種住居地域,,25
2536,21000000,55,羽沢南,19,第１種住居地域,ＲＣ,22
2549,8500000,30,羽沢南,16,第１種住居地域,ＲＣ,25
2550,5300000,15,羽沢南,16,第１種住居地域,ＲＣ,25
2551,4300000,15,羽沢南,16,第１種住居地域,ＲＣ,25
2553,14000000,85,羽沢南,21,第１種住居地域,ＲＣ,24
2560,28000000,60,羽沢南,16,第１種住居地域,ＲＣ,20
2572,23000000,55,羽沢南,8,第１種住居地域,ＲＣ,28
2595,58000000,75,橋本町,19,工業専用地域,ＲＣ,14
2596,53000000,80,橋本町,19,工業専用地域,ＲＣ,12
2597,52000000,90,橋本町,19,工業専用地域,ＲＣ,11
2598,44000000,75,橋本町,19,工業専用地域,ＲＣ,11
2599,45000000,70,橋本町,13,工業専用地域,ＲＣ,13
2600,71000000,95,橋本町,13,工業専用地域,ＲＣ,12
2601,57000000,70,橋本町,14,工業専用地域,ＲＣ,15
2602,69000000,95,橋本町,21,工業専用地域,,14
2603,58000000,75,橋本町,15,工業専用地域,ＲＣ,15
2604,53000000,75,橋本町,18,工業専用地域,,13
2605,63000000,75,橋本町,16,工業専用地域,ＲＣ,14
2606,53000000,90,橋本町,14,工業専用地域,,13
2607,50000000,75,橋本町,14,工業専用地域,,13
2608,41000000,75,橋本町,14,工業専用地域,,14
2609,54000000,80,橋本町,15,工業地域,ＲＣ,13
2610,51000000,70,橋本町,15,工業地域,,11
2611,60000000,75,橋本町,15,工業専用地域,ＲＣ,13
2612,50000000,75,橋本町,15,工業専用地域,ＲＣ,13
2613,57000000,75,橋本町,15,工業専用地域,ＲＣ,11
2614,50000000,75,橋本町,15,工業専用地域,ＲＣ,11
2615,57000000,90,橋本町,14,工業専用地域,ＲＣ,10
2616,40000000,65,橋本町,14,工業専用地域,ＲＣ,10
2617,53000000,80,橋本町,14,工業専用地域,ＲＣ,10
2618,31000000,35,東神奈川,6,商業地域,ＲＣ,5
2619,44000000,55,東神奈川,6,商業地域,ＲＣ,4
2621,47000000,55,東神奈川,6,商業地域,ＲＣ,4
2623,42000000,55,東神奈川,6,商業地域,ＲＣ,3
2624,45000000,55,東神奈川,6,商業地域,ＲＣ,3
2625,45000000,55,東神奈川,6,商業地域,ＲＣ,2
2626,21000000,20,東神奈川,6,商業地域,,8
2627,42000000,55,東神奈川,6,商業地域,ＲＣ,1
2628,17000000,20,東神奈川,5,商業地域,ＲＣ,13
2629,21000000,20,東神奈川,5,商業地域,ＲＣ,13
2631,22000000,20,東神奈川,5,商業地域,ＲＣ,13
2632,17000000,20,東神奈川,5,商業地域,ＲＣ,13
2633,28000000,30,東神奈川,5,商業地域,,12
2634,22000000,30,東神奈川,5,商業地域,,12
2635,21000000,20,東神奈川,4,商業地域,,11
2638,21000000,20,東神奈川,4,商業地域,ＲＣ,11
2639,37000000,55,東神奈川,8,商業地域,,1
2640,23000000,20,東神奈川,4,商業地域,ＲＣ,10
2642,21000000,20,東神奈川,4,商業地域,ＲＣ,9
2643,45000000,70,東神奈川,6,商業地域,ＲＣ,21
2644,47000000,70,東神奈川,6,商業地域,ＲＣ,20
2645,19000000,20,東神奈川,7,商業地域,ＲＣ,11
2646,68000000,70,東神奈川,0,商業地域,ＳＲＣ,17
2647,11000000,20,東神奈川,1,商業地域,ＲＣ,19
2648,21000000,20,東神奈川,5,商業地域,ＳＲＣ,13
2649,48000000,70,東神奈川,5,商業地域,,20
2650,19000000,20,東神奈川,5,商業地域,ＳＲＣ,13
2651,16000000,20,東神奈川,5,商業地域,ＳＲＣ,13
2652,54000000,80,東神奈川,8,商業地域,ＲＣ,20
2653,20000000,20,東神奈川,5,商業地域,,12
2654,60000000,70,東神奈川,1,商業地域,ＲＣ,18
2655,17000000,20,東神奈川,7,商業地域,ＲＣ,10
2656,19000000,20,東神奈川,5,商業地域,,12
2657,20000000,20,東神奈川,5,商業地域,,12
2658,28000000,30,東神奈川,4,商業地域,,12
2659,39000000,80,東神奈川,8,商業地域,,20
2660,61000000,70,東神奈川,1,商業地域,ＲＣ,18
2662,71000000,70,東神奈川,1,商業地域,ＲＣ,0
2663,68000000,70,東神奈川,3,商業地域,,0
2664,21000000,20,東神奈川,7,商業地域,ＲＣ,9
2665,20000000,20,東神奈川,6,商業地域,ＲＣ,11
2666,79000000,80,東神奈川,1,商業地域,ＲＣ,0
2667,72000000,70,東神奈川,2,商業地域,,0
2668,40000000,40,東神奈川,1,商業地域,ＲＣ,0
2669,39000000,60,東神奈川,8,商業地域,ＲＣ,7
2670,20000000,20,東神奈川,5,商業地域,ＳＲＣ,11
2671,69000000,70,東神奈川,2,商業地域,ＲＣ,0
2672,58000000,70,東神奈川,1,商業地域,ＲＣ,17
2673,33000000,30,東神奈川,5,商業地域,,11
2674,20000000,20,東神奈川,7,商業地域,ＲＣ,9
2675,20000000,20,東神奈川,5,商業地域,ＳＲＣ,10
2676,18000000,20,東神奈川,5,商業地域,ＳＲＣ,10
2677,21000000,30,東神奈川,4,商業地域,ＲＣ,13
2678,30000000,55,東神奈川,8,商業地域,ＲＣ,5
2679,20000000,20,東神奈川,5,商業地域,,9
2680,20000000,20,東神奈川,6,商業地域,,9
2681,23000000,30,東神奈川,6,商業地域,ＲＣ,9
2682,28000000,50,東神奈川,4,商業地域,ＲＣ,12
2683,36000000,60,東神奈川,8,商業地域,ＲＣ,5
2684,18000000,20,東神奈川,4,商業地域,,9
2685,30000000,50,東神奈川,5,商業地域,ＲＣ,15
2686,52000000,55,平川町,8,近隣商業地域,ＲＣ,8
2687,23000000,20,平川町,2,近隣商業地域,ＲＣ,5
2688,39000000,45,平川町,8,近隣商業地域,ＲＣ,7
2689,49000000,50,平川町,5,近隣商業地域,,1
2690,50000000,50,平川町,5,近隣商業地域,,1
2691,47000000,50,平川町,5,近隣商業地域,,1
2692,47000000,60,平川町,4,近隣商業地域,,6
2694,40000000,45,平川町,8,近隣商業地域,,5
2696,55000000,65,平川町,3,近隣商業地域,,5
2702,54000000,60,平川町,4,近隣商業地域,ＲＣ,4
2703,40000000,55,平川町,4,近隣商業地域,ＲＣ,4
2704,43000000,45,平川町,4,近隣商業地域,ＲＣ,4
2705,22000000,20,広台太田町,5,商業地域,ＲＣ,3
2706,50000000,65,広台太田町,6,商業地域,ＳＲＣ,18
2707,15000000,30,広台太田町,6,近隣商業地域,ＲＣ,13
2708,40000000,60,広台太田町,6,商業地域,,18
2709,22000000,20,広台太田町,5,商業地域,ＲＣ,1
2710,45000000,60,広台太田町,6,近隣商業地域,,12
2711,50000000,75,広台太田町,6,近隣商業地域,ＲＣ,10
2713,24000000,20,広台太田町,8,商業地域,ＲＣ,5
2714,39000000,60,広台太田町,6,近隣商業地域,,19
2715,40000000,60,広台太田町,6,近隣商業地域,ＲＣ,17
2716,37000000,60,広台太田町,6,近隣商業地域,ＲＣ,17
2717,28000000,60,広台太田町,6,近隣商業地域,ＲＣ,16
2718,35000000,80,広台太田町,6,近隣商業地域,ＲＣ,16
2719,6100000,15,二ツ谷町,9,商業地域,,28
2720,5900000,15,二ツ谷町,6,近隣商業地域,,32
2721,7000000,15,二ツ谷町,5,商業地域,ＲＣ,28
2722,6500000,15,二ツ谷町,5,商業地域,ＲＣ,27
2723,7200000,15,二ツ谷町,6,近隣商業地域,ＲＣ,30
2724,64000000,75,星野町,13,工業専用地域,ＲＣ,1
2725,60000000,75,星野町,14,工業専用地域,,1
2726,69000000,85,星野町,13,工業専用地域,ＲＣ,13
2727,60000000,65,星野町,9,,,1
2728,63000000,85,星野町,13,工業専用地域,ＲＣ,11
2729,100000000,90,星野町,13,工業専用地域,ＲＣ,11
2730,48000000,70,松ケ丘,10,近隣商業地域,ＲＣ,13
2731,56000000,75,松ケ丘,10,近隣商業地域,ＲＣ,13
2732,41000000,70,松ケ丘,10,近隣商業地域,ＲＣ,11
2736,39000000,60,松ケ丘,10,近隣商業地域,ＲＣ,10
2737,34000000,60,松ケ丘,10,近隣商業地域,ＲＣ,9
2744,53000000,70,松ケ丘,5,第１種低層住居専用地域,ＲＣ,10
2752,48000000,70,松ケ丘,5,第１種低層住居専用地域,ＲＣ,9
2756,4100000,20,松ケ丘,4,近隣商業地域,ＲＣ,33
2757,43000000,70,松ケ丘,5,第１種低層住居専用地域,ＲＣ,8
2758,42000000,65,松ケ丘,14,第１種低層住居専用地域,ＲＣ,14
2761,26000000,55,松見町,9,第１種住居地域,ＲＣ,43
2769,35000000,60,松見町,6,第１種住居地域,,34
2771,25000000,65,松見町,10,第１種住居地域,ＲＣ,42
2772,7000000,15,松見町,14,準工業地域,ＲＣ,31
2773,26000000,60,松見町,11,第１種住居地域,,32
2776,31000000,65,松見町,10,第１種住居地域,ＲＣ,32
2781,25000000,65,松見町,10,第１種住居地域,ＲＣ,31
2782,26000000,55,松見町,10,第１種住居地域,ＲＣ,41
2790,18000000,65,松見町,10,第１種住居地域,ＲＣ,30
2791,13000000,35,松見町,5,第１種住居地域,ＲＣ,39
2795,10000000,35,松見町,7,第１種住居地域,ＲＣ,32
2796,16000000,45,松見町,11,第１種住居地域,ＲＣ,28
2797,23000000,65,松見町,10,第１種住居地域,ＲＣ,40
2799,14000000,40,松見町,6,第１種住居地域,,32
2804,37000000,60,松見町,6,第１種住居地域,,31
2805,27000000,65,松見町,9,第１種住居地域,,39
2806,25000000,60,松見町,10,第１種住居地域,,29
2807,17000000,20,松見町,10,第１種住居地域,ＲＣ,9
2811,45000000,70,松見町,11,第１種住居地域,ＲＣ,12
2814,12000000,35,松見町,13,第１種住居地域,ＲＣ,44
2815,41000000,70,松見町,13,第１種住居地域,ＲＣ,11
2816,34000000,60,松見町,11,第１種住居地域,,11
2817,35000000,65,松見町,18,第１種住居地域,,10
2818,39000000,70,松見町,14,第１種住居地域,ＲＣ,12
2819,37000000,65,松見町,14,第１種住居地域,ＲＣ,12
2822,36000000,75,松見町,16,第１種住居地域,ＳＲＣ,22
2825,16000000,20,松見町,13,第１種住居地域,ＲＣ,14
2827,36000000,75,松見町,12,第１種住居地域,ＳＲＣ,25
2828,24000000,35,松見町,11,第１種住居地域,ＲＣ,15
2835,15000000,20,松見町,13,第１種住居地域,ＲＣ,13
2836,14000000,40,松見町,10,第１種住居地域,ＲＣ,51
2841,32000000,70,松見町,8,第２種中高層住居専用地域,,31
2842,42000000,70,松見町,7,第２種中高層住居専用地域,ＲＣ,18
2843,35000000,65,松見町,7,第２種中高層住居専用地域,ＲＣ,18
2847,46000000,75,松見町,12,第１種住居地域,ＲＣ,24
2848,18000000,20,松見町,11,第１種住居地域,ＲＣ,13
2852,9800000,20,松見町,9,第１種住居地域,ＲＣ,6
2853,18000000,20,松見町,10,第２種中高層住居専用地域,ＲＣ,12
2854,26000000,30,松見町,11,第１種住居地域,ＲＣ,14
2858,18000000,20,松見町,11,第１種住居地域,ＲＣ,13
2859,18000000,20,松見町,13,第１種住居地域,ＲＣ,12
2860,5000000,15,松見町,15,第１種住居地域,ＲＣ,32
2868,18000000,20,松見町,10,第２種中高層住居専用地域,ＲＣ,12
2869,6300000,20,松見町,8,第１種住居地域,ＲＣ,33
2875,26000000,60,松見町,10,第２種中高層住居専用地域,,34
2879,4900000,15,松見町,11,第１種住居地域,ＲＣ,29
2880,33000000,60,松見町,10,第２種中高層住居専用地域,ＲＣ,12
2883,23000000,35,松見町,11,第１種住居地域,ＲＣ,13
2884,7200000,15,松見町,11,第１種住居地域,ＲＣ,29
2885,8400000,15,松見町,11,第１種住居地域,ＲＣ,29
2886,11000000,45,松見町,13,第１種住居地域,ＲＣ,33
2887,22000000,60,松見町,10,第１種住居地域,ＲＣ,49
2894,5500000,20,松見町,10,第２種中高層住居専用地域,,31
2899,24000000,50,松見町,12,第１種住居地域,,30
2900,32000000,70,松見町,8,第２種中高層住居専用地域,ＲＣ,28
2905,25000000,55,松見町,15,第１種住居地域,,28
2908,20000000,60,松見町,10,第１種住居地域,ＲＣ,48
2909,17000000,20,松見町,13,第１種住居地域,ＲＣ,10
2910,16000000,20,松見町,13,第１種住居地域,ＲＣ,10
2913,19000000,30,松見町,11,第１種住居地域,ＲＣ,11
2914,14000000,25,松見町,13,第１種住居地域,ＲＣ,31
2915,15000000,20,松見町,13,第１種住居地域,,9
2918,25000000,50,松見町,15,第１種住居地域,ＲＣ,21
2919,26000000,30,松見町,11,第１種住居地域,ＲＣ,11
2924,4500000,15,松見町,14,準工業地域,ＲＣ,28
2925,16000000,40,松見町,14,準工業地域,ＲＣ,28
2926,24000000,20,松見町,6,第２種中高層住居専用地域,ＲＣ,1
2927,17000000,20,松見町,11,第１種住居地域,ＲＣ,10
2932,22000000,20,松本町,6,近隣商業地域,ＲＣ,7
2934,21000000,20,松本町,6,近隣商業地域,ＲＣ,7
2936,20000000,20,松本町,6,近隣商業地域,,6
2941,22000000,20,松本町,6,近隣商業地域,ＲＣ,5
2942,25000000,25,松本町,5,近隣商業地域,,3
2943,25000000,25,松本町,5,近隣商業地域,ＲＣ,3
2944,25000000,25,松本町,5,近隣商業地域,ＲＣ,3
2945,25000000,20,松本町,5,近隣商業地域,ＲＣ,3
2947,36000000,55,松本町,4,近隣商業地域,,19
2948,24000000,20,松本町,3,近隣商業地域,ＲＣ,2
2950,33000000,50,松本町,11,近隣商業地域,ＲＣ,15
2952,42000000,60,松本町,3,近隣商業地域,ＲＣ,12
2956,8500000,15,松本町,2,近隣商業地域,ＲＣ,30
2958,6300000,15,松本町,3,近隣商業地域,,29
2959,5500000,15,松本町,1,近隣商業地域,,30
2962,6800000,15,松本町,2,近隣商業地域,ＲＣ,27
2963,29000000,50,松本町,4,近隣商業地域,,16
2966,4000000,15,松本町,1,近隣商業地域,ＲＣ,28
2967,6300000,15,松本町,2,近隣商業地域,ＲＣ,26
2975,46000000,70,三ツ沢上町,7,第１種住居地域,ＲＣ,5
2984,35000000,55,三ツ沢上町,2,近隣商業地域,ＲＣ,8
2992,40000000,70,三ツ沢上町,1,近隣商業地域,ＲＣ,17
2993,24000000,45,三ツ沢上町,2,近隣商業地域,ＲＣ,7
3002,11000000,20,三ツ沢上町,1,近隣商業地域,ＲＣ,25
3007,22000000,65,三ツ沢下町,6,第１種中高層住居専用地域,ＲＣ,56
3008,23000000,65,三ツ沢下町,6,第１種中高層住居専用地域,ＲＣ,56
3010,27000000,30,三ツ沢下町,6,第１種中高層住居専用地域,ＲＣ,15
3014,42000000,90,三ツ沢下町,8,第１種中高層住居専用地域,ＲＣ,21
3015,15000000,45,三ツ沢下町,14,第１種中高層住居専用地域,ＲＣ,55
3016,32000000,70,三ツ沢下町,10,第１種中高層住居専用地域,ＲＣ,28
3017,11000000,65,三ツ沢下町,6,第１種中高層住居専用地域,ＲＣ,55
3022,33000000,70,三ツ沢下町,5,第１種中高層住居専用地域,ＲＣ,19
3024,36000000,70,三ツ沢下町,5,第１種中高層住居専用地域,ＲＣ,20
3025,12000000,65,三ツ沢下町,6,第１種中高層住居専用地域,ＲＣ,54
3029,29000000,70,三ツ沢下町,6,第１種中高層住居専用地域,,23
3030,35000000,75,三ツ沢下町,7,第１種中高層住居専用地域,,20
3031,41000000,85,三ツ沢下町,10,第１種中高層住居専用地域,,26
3035,32000000,70,三ツ沢下町,5,第１種中高層住居専用地域,ＲＣ,19
3042,15000000,30,三ツ沢下町,6,第１種中高層住居専用地域,ＲＣ,13
3043,61000000,105,三ツ沢下町,5,第１種中高層住居専用地域,,26
3047,17000000,65,三ツ沢下町,5,第１種中高層住居専用地域,,52
3048,24000000,30,三ツ沢下町,6,第１種中高層住居専用地域,ＲＣ,12
3049,1500000,45,三ツ沢下町,11,第１種中高層住居専用地域,ＲＣ,52
3056,22000000,65,三ツ沢下町,8,第１種中高層住居専用地域,,52
3060,24000000,30,三ツ沢下町,7,第１種中高層住居専用地域,ＲＣ,12
3061,7400000,65,三ツ沢下町,7,第１種中高層住居専用地域,,52
3062,19000000,65,三ツ沢下町,6,第１種中高層住居専用地域,ＲＣ,26
3063,24000000,30,三ツ沢下町,6,第１種中高層住居専用地域,ＲＣ,12
3068,26000000,30,三ツ沢下町,6,第１種中高層住居専用地域,ＲＣ,11
3069,22000000,40,三ツ沢下町,6,第１種中高層住居専用地域,ＲＣ,11
3077,35000000,75,三ツ沢下町,8,第１種中高層住居専用地域,ＲＣ,17
3078,9500000,45,三ツ沢下町,9,第１種中高層住居専用地域,ＲＣ,51
3079,31000000,70,三ツ沢下町,5,第１種中高層住居専用地域,,17
3082,14000000,65,三ツ沢下町,6,第１種中高層住居専用地域,ＲＣ,51
3083,9500000,45,三ツ沢下町,5,第１種中高層住居専用地域,ＲＣ,51
3106,50000000,60,三ツ沢中町,3,近隣商業地域,ＲＣ,1
3115,20000000,70,三ツ沢中町,10,第１種低層住居専用地域,,29
3136,28000000,30,三ツ沢西町,5,準住居地域,ＲＣ,13
3137,25000000,25,三ツ沢西町,5,準住居地域,ＲＣ,13
3138,23000000,30,三ツ沢西町,5,準住居地域,ＲＣ,13
3139,33000000,55,三ツ沢西町,9,第１種住居地域,ＲＣ,27
3140,28000000,30,三ツ沢西町,5,準住居地域,ＲＣ,13
3143,24000000,25,三ツ沢西町,5,準住居地域,ＲＣ,12
3144,19000000,25,三ツ沢西町,5,準住居地域,ＲＣ,11
3148,32000000,35,三ツ沢西町,5,準住居地域,ＲＣ,11
3149,29000000,45,三ツ沢西町,6,準住居地域,,11
3150,23000000,25,三ツ沢西町,5,準住居地域,ＲＣ,10
3151,21000000,30,三ツ沢西町,5,準住居地域,ＲＣ,10
3152,34000000,45,三ツ沢西町,5,準住居地域,ＲＣ,10
3153,22000000,30,三ツ沢西町,5,準住居地域,ＲＣ,9
3154,26000000,50,三ツ沢西町,10,第１種住居地域,,23
3155,8200000,15,三ツ沢西町,10,第１種住居地域,,26
3156,24000000,30,三ツ沢西町,5,準住居地域,ＲＣ,9
3157,23000000,45,三ツ沢西町,6,準住居地域,ＲＣ,9
3158,27000000,30,三ツ沢西町,5,準住居地域,ＲＣ,9
3162,18000000,30,三ツ沢西町,5,準住居地域,ＲＣ,9
3163,22000000,55,三ツ沢西町,9,第１種住居地域,ＲＣ,23
3185,5000000,15,三ツ沢南町,11,第１種低層住居専用地域,ＲＣ,34
3198,8500000,15,三ツ沢南町,16,第１種低層住居専用地域,ＲＣ,31
3204,7900000,20,三ツ沢南町,16,第１種低層住居専用地域,ＲＣ,30
3207,8900000,15,三ツ沢南町,16,第１種低層住居専用地域,ＲＣ,29
3212,4900000,15,三ツ沢南町,16,第１種低層住居専用地域,ＲＣ,29
3213,5500000,15,三ツ沢南町,16,第１種低層住居専用地域,ＲＣ,29
3228,21000000,55,六角橋,5,第１種住居地域,ＲＣ,36
3234,5800000,15,六角橋,5,近隣商業地域,ＲＣ,32
3236,28000000,55,六角橋,5,第１種住居地域,ＲＣ,35
3244,28000000,50,六角橋,5,第１種住居地域,,25
3245,25000000,50,六角橋,5,第１種住居地域,ＲＣ,24
3246,6200000,15,六角橋,5,近隣商業地域,ＲＣ,30
3247,3200000,20,六角橋,5,第１種住居地域,ＲＣ,34
3251,46000000,70,六角橋,8,第１種住居地域,,7
3253,9800000,15,六角橋,5,近隣商業地域,ＲＣ,29
3256,26000000,50,六角橋,6,近隣商業地域,,20
3257,4300000,20,六角橋,5,近隣商業地域,ＲＣ,28
3261,41000000,65,六角橋,8,第１種住居地域,ＲＣ,5
3267,41000000,70,六角橋,9,近隣商業地域,ＲＣ,23
3268,6300000,15,六角橋,8,近隣商業地域,ＲＣ,35
3275,4700000,15,六角橋,17,第２種中高層住居専用地域,ＲＣ,30
3276,7500000,15,六角橋,8,近隣商業地域,ＲＣ,35
3277,6800000,20,六角橋,8,近隣商業地域,ＲＣ,35
3284,6500000,20,六角橋,10,近隣商業地域,ＲＣ,35
3285,47000000,65,六角橋,6,近隣商業地域,ＲＣ,22
3294,38000000,55,六角橋,4,商業地域,,17
3295,55000000,70,六角橋,3,商業地域,ＲＣ,17
3296,31000000,55,六角橋,11,近隣商業地域,ＲＣ,29
3297,18000000,35,六角橋,6,商業地域,ＲＣ,27
3298,30000000,55,六角橋,11,近隣商業地域,ＲＣ,29
3301,18000000,30,六角橋,10,近隣商業地域,,34
3303,29000000,50,六角橋,8,近隣商業地域,ＲＣ,34
3304,31000000,50,六角橋,11,近隣商業地域,ＲＣ,28
3305,4500000,15,六角橋,5,近隣商業地域,ＲＣ,30
3309,26000000,45,六角橋,6,商業地域,ＲＣ,33
3314,52000000,65,六角橋,8,近隣商業地域,,7
3315,48000000,60,六角橋,10,近隣商業地域,,8
3320,33000000,50,六角橋,7,近隣商業地域,ＲＣ,16
3321,20000000,50,六角橋,11,近隣商業地域,,27
3335,33000000,60,六角橋,8,近隣商業地域,ＲＣ,16
3336,29000000,35,六角橋,3,商業地域,ＲＣ,15
3339,5500000,20,六角橋,7,近隣商業地域,,33
3340,28000000,50,六角橋,10,近隣商業地域,,27
3345,6500000,15,六角橋,3,近隣商業地域,,28
3348,33000000,55,六角橋,10,近隣商業地域,ＲＣ,26
3357,39000000,65,六角橋,4,近隣商業地域,ＲＣ,19
3358,4300000,15,六角橋,17,第２種中高層住居専用地域,ＲＣ,27
3365,15000000,45,六角橋,5,商業地域,,31
3366,4200000,15,六角橋,13,第１種低層住居専用地域,ＲＣ,30
3370,9300000,30,六角橋,6,商業地域,ＲＣ,30
3376,6600000,15,六角橋,8,近隣商業地域,ＲＣ,31
3379,7300000,20,六角橋,8,近隣商業地域,ＲＣ,31
3384,18000000,40,六角橋,3,商業地域,ＲＣ,13
3385,36000000,50,六角橋,9,近隣商業地域,ＲＣ,5
3401,88000000,25,青木町,5,商業地域,ＲＣ,29
3402,37000000,35,青木町,4,商業地域,ＲＣ,8
3403,24000000,35,青木町,1,商業地域,ＳＲＣ,27
3404,38000000,35,青木町,4,商業地域,ＲＣ,8
3405,6800000,25,青木町,5,商業地域,ＳＲＣ,26
3406,31000000,25,青木町,4,商業地域,ＲＣ,8
3407,21000000,40,青木町,2,商業地域,ＲＣ,19
3408,30000000,50,青木町,5,商業地域,ＲＣ,29
3409,30000000,70,青木町,1,,ＳＲＣ,43
3410,38000000,35,青木町,4,商業地域,ＲＣ,8
3411,30000000,45,青木町,8,商業地域,ＳＲＣ,21
3412,31000000,25,青木町,11,商業地域,ＲＣ,8
3416,33000000,60,泉町,4,近隣商業地域,ＲＣ,15
3417,40000000,70,泉町,6,近隣商業地域,ＳＲＣ,18
3426,36000000,65,入江,6,第１種住居地域,ＲＣ,14
3428,43000000,90,浦島丘,13,第２種中高層住居専用地域,ＲＣ,19
3429,18000000,180,浦島町,4,商業地域,ＳＲＣ,19
3430,5300000,15,浦島町,4,商業地域,ＲＣ,27
3431,4900000,15,浦島町,4,商業地域,ＲＣ,27
3432,7900000,15,浦島町,5,,ＳＲＣ,23
3435,37000000,60,大口通,5,商業地域,ＲＣ,0
3439,4500000,15,大口通,5,第１種住居地域,ＲＣ,21
3441,34000000,60,大口通,13,商業地域,ＲＣ,0
3442,44000000,60,大口通,13,商業地域,ＲＣ,1
3459,27000000,55,大口仲町,9,第１種住居地域,ＲＣ,30
3460,29000000,75,大口仲町,11,第１種住居地域,ＲＣ,24
3461,4000000,15,大口仲町,8,第２種中高層住居専用地域,ＲＣ,28
3462,130000000,95,大野町,8,工業地域,ＲＣ,6
3466,29000000,65,片倉,4,第２種中高層住居専用地域,ＲＣ,10
3467,12000000,65,片倉,10,第２種中高層住居専用地域,ＲＣ,46
3468,20000000,50,片倉,6,第２種中高層住居専用地域,ＲＣ,46
3469,15000000,20,片倉,11,準住居地域,ＲＣ,23
3475,6700000,50,片倉,8,第２種中高層住居専用地域,ＲＣ,46
3476,15000000,50,片倉,6,第１種住居地域,ＲＣ,46
3480,11000000,50,片倉,8,第２種中高層住居専用地域,ＲＣ,46
3481,6000000,65,片倉,7,第１種中高層住居専用地域,ＲＣ,46
3482,43000000,80,片倉,10,準住居地域,ＲＣ,6
3483,12000000,50,片倉,6,第１種住居地域,ＲＣ,29
3494,39000000,70,片倉,11,準住居地域,ＲＣ,11
3495,6500000,20,神奈川,8,商業地域,ＳＲＣ,31
3496,5700000,15,神奈川,1,商業地域,鉄骨造,26
3497,7000000,20,神奈川,1,商業地域,鉄骨造,26
3500,7000000,20,神奈川,1,商業地域,鉄骨造,26
3501,6000000,15,神奈川,6,商業地域,ＳＲＣ,27
3502,6300000,15,神奈川,6,商業地域,ＳＲＣ,27
3503,6300000,15,神奈川,7,商業地域,ＳＲＣ,26
3506,2500000,15,神奈川本町,6,近隣商業地域,ＲＣ,48
3514,26000000,55,神之木町,7,第１種住居地域,ＲＣ,30
3515,38000000,75,神之木町,1,近隣商業地域,ＳＲＣ,17
3516,12000000,55,神之木町,9,第１種住居地域,ＲＣ,30
3519,38000000,70,神之木町,1,近隣商業地域,ＳＲＣ,17
3524,29000000,60,神大寺,11,第１種住居地域,ＲＣ,11
3529,28000000,55,神大寺,11,第２種中高層住居専用地域,ＲＣ,20
3532,33000000,50,神大寺,8,第１種住居地域,ＲＣ,5
3533,26000000,95,神大寺,13,第２種中高層住居専用地域,ＲＣ,32
3534,19000000,50,神大寺,5,第２種中高層住居専用地域,ＲＣ,29
3540,27000000,50,神大寺,10,第１種住居地域,ＲＣ,11
3541,27000000,70,神大寺,8,第２種中高層住居専用地域,ＲＣ,16
3547,13000000,40,神大寺,11,第２種中高層住居専用地域,ＲＣ,24
3548,18000000,60,神大寺,12,,ＲＣ,20
3549,16000000,60,神大寺,9,第２種中高層住居専用地域,ＲＣ,24
3551,74000000,70,金港町,9,工業地域,ＲＣ,7
3552,42000000,45,金港町,9,工業地域,ＲＣ,7
3553,150000000,85,金港町,5,工業地域,ＲＣ,8
3554,99000000,85,金港町,9,工業地域,ＲＣ,7
3558,36000000,70,栗田谷,10,第１種中高層住居専用地域,ＲＣ,9
3563,6900000,25,栗田谷,10,第１種中高層住居専用地域,ＲＣ,25
3564,26000000,70,子安台,15,第２種中高層住居専用地域,ＲＣ,13
3568,17000000,55,子安台,11,準住居地域,ＳＲＣ,47
3570,5000000,55,子安台,10,準住居地域,ＳＲＣ,43
3571,10000000,15,子安通,3,商業地域,ＳＲＣ,27
3572,4600000,15,子安通,5,商業地域,ＳＲＣ,24
3573,5500000,15,子安通,3,商業地域,ＳＲＣ,27
3574,12000000,15,子安通,4,商業地域,ＲＣ,27
3575,5600000,15,子安通,3,商業地域,ＳＲＣ,27
3577,4800000,15,子安通,5,商業地域,ＳＲＣ,24
3578,5500000,15,子安通,5,商業地域,ＳＲＣ,24
3580,28000000,70,子安通,10,,ＲＣ,9
3583,33000000,65,子安通,2,商業地域,ＲＣ,6
3584,15000000,35,子安通,3,商業地域,ＲＣ,9
3586,14000000,30,子安通,4,商業地域,ＲＣ,6
3587,20000000,25,子安通,3,商業地域,ＲＣ,7
3590,3000000,25,子安通,9,商業地域,ＳＲＣ,28
3591,37000000,65,子安通,4,商業地域,ＲＣ,8
3592,14000000,40,子安通,9,商業地域,ＳＲＣ,28
3593,32000000,65,子安通,10,商業地域,ＲＣ,8
3594,22000000,50,子安通,6,商業地域,ＳＲＣ,29
3595,10000000,25,子安通,6,商業地域,ＳＲＣ,29
3596,6100000,15,子安通,4,商業地域,ＳＲＣ,27
3597,41000000,70,子安通,6,商業地域,ＲＣ,6
3598,33000000,60,子安通,4,商業地域,ＲＣ,8
3599,15000000,50,子安通,6,商業地域,ＳＲＣ,29
3600,33000000,70,子安通,12,商業地域,ＲＣ,9
3602,17000000,50,子安通,8,商業地域,ＳＲＣ,29
3603,26000000,55,子安通,12,商業地域,ＲＣ,9
3604,7400000,15,子安通,4,商業地域,ＳＲＣ,27
3607,32000000,65,子安通,4,商業地域,ＲＣ,8
3608,14000000,40,子安通,7,商業地域,ＳＲＣ,28
3609,8500000,25,子安通,3,商業地域,ＳＲＣ,29
3610,24000000,50,子安通,6,商業地域,ＳＲＣ,19
3611,29000000,70,子安通,10,商業地域,ＲＣ,7
3613,15000000,50,子安通,10,商業地域,ＲＣ,19
3614,23000000,55,子安通,3,商業地域,ＲＣ,15
3624,30000000,55,栄町,7,商業地域,ＳＲＣ,17
3625,41000000,60,栄町,4,商業地域,ＲＣ,15
3627,35000000,60,栄町,9,商業地域,ＲＣ,15
3628,29000000,50,栄町,4,商業地域,ＲＣ,15
3629,26000000,60,栄町,9,,ＲＣ,16
3630,68000000,70,栄町,13,工業地域,ＲＣ,14
3631,57000000,70,栄町,13,工業地域,ＲＣ,14
3632,59000000,100,栄町,10,商業地域,ＲＣ,20
3633,36000000,50,栄町,20,工業地域,ＲＣ,12
3634,15000000,55,栄町,8,商業地域,ＳＲＣ,16
3635,87000000,80,栄町,10,工業地域,ＲＣ,14
3636,47000000,80,栄町,10,工業地域,ＲＣ,14
3644,7000000,60,三枚町,21,第１種住居地域,ＲＣ,32
3647,12000000,55,三枚町,11,第１種住居地域,ＲＣ,24
3648,13000000,55,三枚町,10,第１種住居地域,ＲＣ,30
3653,15000000,50,三枚町,9,第１種住居地域,ＲＣ,30
3655,16000000,55,三枚町,9,第１種住居地域,ＲＣ,31
3656,33000000,65,三枚町,9,準住居地域,ＲＣ,4
3667,6300000,15,白幡町,7,近隣商業地域,ＲＣ,22
3668,5300000,15,白幡町,7,,ＲＣ,22
3680,42000000,85,白幡西町,6,第１種低層住居専用地域,ＲＣ,24
3692,7500000,15,白幡西町,8,第１種低層住居専用地域,ＲＣ,24
3706,6000000,15,白幡向町,8,準住居地域,ＲＣ,27
3709,34000000,70,新浦島町,6,工業地域,ＲＣ,12
3710,31000000,60,新浦島町,3,工業地域,ＲＣ,11
3711,29000000,55,新浦島町,3,工業地域,ＲＣ,11
3712,27000000,65,新浦島町,6,工業地域,ＲＣ,12
3713,38000000,70,新浦島町,3,工業地域,ＲＣ,11
3714,32000000,70,新浦島町,6,工業地域,ＲＣ,12
3715,49000000,85,新子安,8,第１種住居地域,ＲＣ,11
3718,34000000,70,新子安,7,第１種住居地域,ＲＣ,17
3720,33000000,70,新子安,9,第１種住居地域,ＲＣ,9
3721,28000000,55,新子安,6,第１種住居地域,ＲＣ,2
3724,49000000,75,新子安,6,第１種住居地域,ＳＲＣ,15
3726,4200000,15,新子安,8,近隣商業地域,ＲＣ,28
3727,4900000,15,新子安,3,第１種住居地域,ＲＣ,27
3728,22000000,50,新子安,7,近隣商業地域,ＲＣ,22
3730,26000000,60,新子安,6,近隣商業地域,ＲＣ,13
3731,14000000,50,新子安,5,近隣商業地域,ＲＣ,22
3732,21000000,65,新子安,6,近隣商業地域,ＲＣ,22
3734,15000000,15,新町,1,商業地域,ＳＲＣ,23
3735,5800000,15,新町,2,商業地域,ＳＲＣ,23
3736,4300000,15,新町,1,商業地域,ＳＲＣ,23
3737,42000000,90,新町,1,商業地域,ＳＲＣ,23
3738,5900000,15,新町,1,商業地域,ＳＲＣ,23
3757,28000000,50,台町,3,商業地域,ＳＲＣ,20
3758,15000000,20,台町,2,商業地域,ＲＣ,12
3759,14000000,15,台町,2,商業地域,ＳＲＣ,22
3760,9500000,15,台町,2,商業地域,ＳＲＣ,25
3761,52000000,70,台町,5,,ＲＣ,23
3762,48000000,20,台町,6,商業地域,ＳＲＣ,33
3763,53000000,80,台町,5,商業地域,ＳＲＣ,19
3764,11000000,15,台町,6,商業地域,ＳＲＣ,23
3765,8000000,30,台町,9,第１種住居地域,ＲＣ,31
3767,7800000,15,台町,9,商業地域,ＳＲＣ,22
3768,27000000,45,台町,8,商業地域,ＳＲＣ,27
3769,23000000,75,台町,10,商業地域,ＳＲＣ,43
3770,15000000,35,台町,7,商業地域,ＳＲＣ,22
3771,40000000,60,台町,8,第１種住居地域,ＲＣ,11
3772,12000000,35,台町,7,商業地域,ＳＲＣ,22
3773,52000000,70,台町,7,,ＲＣ,23
3774,54000000,70,台町,7,商業地域,ＲＣ,23
3775,35000000,55,台町,8,,ＳＲＣ,21
3776,30000000,60,台町,10,,ＲＣ,16
3777,50000000,70,台町,8,商業地域,ＲＣ,23
3779,60000000,75,高島台,8,第２種中高層住居専用地域,ＲＣ,8
3781,7100000,15,高島台,5,第２種中高層住居専用地域,ＲＣ,21
3785,66000000,75,高島台,9,第２種中高層住居専用地域,ＲＣ,6
3790,18000000,20,反町,3,商業地域,ＳＲＣ,9
3791,5800000,15,反町,3,商業地域,ＳＲＣ,27
3792,15000000,20,反町,3,商業地域,ＳＲＣ,9
3793,24000000,20,反町,4,商業地域,ＲＣ,0
3795,24000000,50,反町,6,商業地域,ＳＲＣ,25
3796,29000000,25,反町,5,商業地域,ＲＣ,0
3797,17000000,20,反町,3,商業地域,ＳＲＣ,9
3799,35000000,55,反町,3,商業地域,ＳＲＣ,23
3801,5300000,15,反町,3,商業地域,ＲＣ,27
3802,28000000,50,反町,4,商業地域,ＳＲＣ,25
3803,5000000,15,反町,3,商業地域,ＲＣ,27
3804,13000000,45,反町,4,商業地域,ＳＲＣ,18
3805,51000000,60,青木町,4,商業地域,ＲＣ,4
3806,25000000,60,青木町,1,商業地域,ＳＲＣ,43
3807,21000000,60,青木町,1,商業地域,ＳＲＣ,44
3808,11000000,25,青木町,5,商業地域,ＳＲＣ,27
3809,38000000,45,青木町,2,商業地域,ＳＲＣ,22
3811,23000000,60,青木町,0,商業地域,ＳＲＣ,44
3812,7000000,20,鶴屋町,6,商業地域,ＳＲＣ,34
3813,10000000,25,青木町,2,商業地域,ＳＲＣ,22
3814,21000000,55,青木町,0,商業地域,ＳＲＣ,44
3815,21000000,20,鶴屋町,6,商業地域,ＲＣ,3
3816,27000000,30,鶴屋町,6,商業地域,ＳＲＣ,34
3817,8600000,25,青木町,5,商業地域,ＳＲＣ,27
3818,29000000,45,青木町,1,商業地域,ＳＲＣ,28
3820,24000000,50,鶴屋町,6,商業地域,ＳＲＣ,28
3821,20000000,20,鶴屋町,8,商業地域,ＲＣ,3
3822,32000000,50,鶴屋町,5,商業地域,ＳＲＣ,28
3826,43000000,70,富家町,6,準住居地域,ＲＣ,15
3827,36000000,85,富家町,3,商業地域,ＳＲＣ,36
3828,29000000,65,富家町,3,商業地域,ＳＲＣ,36
3829,39000000,85,富家町,3,商業地域,ＳＲＣ,36
3838,35000000,55,入江,9,準工業地域,ＲＣ,20
3839,41000000,70,入江,7,準工業地域,ＲＣ,15
3840,31000000,65,入江,4,準工業地域,ＲＣ,15
3846,28000000,50,入江,9,準工業地域,ＲＣ,20
3852,6200000,15,七島町,5,準住居地域,ＲＣ,28
3854,38000000,70,浦島丘,13,第２種中高層住居専用地域,ＲＣ,20
3856,8800000,15,浦島町,4,商業地域,ＲＣ,28
3857,30000000,55,浦島町,4,商業地域,ＲＣ,22
3858,26000000,55,浦島町,4,商業地域,ＳＲＣ,20
3860,7300000,15,浦島町,4,商業地域,ＲＣ,28
3862,30000000,70,西大口,10,第１種中高層住居専用地域,ＲＣ,14
3863,31000000,70,西大口,10,第１種中高層住居専用地域,ＲＣ,12
3864,8400000,45,西大口,8,第２種中高層住居専用地域,鉄骨造,43
3865,11000000,35,西大口,8,第２種中高層住居専用地域,鉄骨造,43
3866,12000000,45,西大口,8,第２種中高層住居専用地域,鉄骨造,43
3867,16000000,45,西大口,10,,鉄骨造,38
3868,29000000,65,西大口,10,,ＲＣ,15
3869,32000000,70,西大口,10,第１種中高層住居専用地域,ＲＣ,14
3870,6800000,45,西大口,10,第２種中高層住居専用地域,鉄骨造,43
3874,34000000,60,大口通,4,近隣商業地域,ＲＣ,6
3875,8300000,15,大口通,3,近隣商業地域,ＲＣ,26
3876,29000000,55,大口通,4,近隣商業地域,ＲＣ,6
3879,4000000,15,大口通,5,第１種住居地域,ＲＣ,22
3880,7400000,20,西神奈川,5,商業地域,ＳＲＣ,26
3882,16000000,15,西神奈川,4,商業地域,ＳＲＣ,15
3883,33000000,65,大口通,4,近隣商業地域,ＲＣ,18
3884,6300000,15,西神奈川,5,商業地域,ＲＣ,23
3886,12000000,15,西神奈川,4,商業地域,ＳＲＣ,26
3888,32000000,45,西神奈川,1,商業地域,鉄骨造,19
3889,12000000,30,西神奈川,4,商業地域,ＳＲＣ,32
3890,34000000,60,西神奈川,6,商業地域,ＲＣ,17
3891,15000000,45,西神奈川,4,商業地域,ＳＲＣ,30
3892,6300000,15,西神奈川,5,商業地域,ＲＣ,23
3893,8000000,15,西神奈川,4,第１種住居地域,ＲＣ,30
3894,6300000,15,西神奈川,5,商業地域,ＲＣ,27
3895,19000000,20,西神奈川,6,商業地域,ＳＲＣ,7
3898,24000000,60,大口仲町,5,近隣商業地域,ＲＣ,21
3915,30000000,65,大口仲町,11,第１種住居地域,ＲＣ,25
3916,120000000,80,大野町,10,工業地域,ＲＣ,7
3917,130000000,140,大野町,14,工業地域,ＲＣ,24
3929,11000000,90,西寺尾,16,第２種中高層住居専用地域,ＲＣ,33
3934,37000000,65,西寺尾,10,第１種住居地域,ＲＣ,3
3947,14000000,90,西寺尾,17,第２種中高層住居専用地域,ＲＣ,33
3948,9000000,50,西寺尾,13,第２種中高層住居専用地域,ＲＣ,25
3949,2500000,15,西寺尾,15,準工業地域,ＲＣ,28
3950,24000000,65,西寺尾,19,第２種中高層住居専用地域,ＲＣ,16
3953,15000000,65,西寺尾,20,第２種中高層住居専用地域,ＲＣ,25
3954,21000000,65,西寺尾,20,第２種中高層住居専用地域,ＲＣ,25
3955,16000000,65,西寺尾,19,第２種中高層住居専用地域,ＲＣ,27
3957,21000000,90,西寺尾,16,第２種中高層住居専用地域,ＲＣ,33
3960,12000000,15,片倉,11,準住居地域,ＲＣ,24
3961,42000000,65,片倉,2,近隣商業地域,ＲＣ,3
3962,37000000,65,片倉,5,第２種中高層住居専用地域,ＲＣ,15
3966,5300000,15,片倉,11,準住居地域,ＲＣ,24
3967,6000000,15,片倉,8,第１種住居地域,ＲＣ,29
3968,9000000,15,片倉,6,第１種住居地域,ＲＣ,29
3975,4500000,15,片倉,8,第１種住居地域,ＲＣ,29
3976,35000000,65,片倉,5,第２種中高層住居専用地域,ＲＣ,11
3977,25000000,55,片倉,5,第１種住居地域,ＲＣ,14
3979,9500000,50,片倉,6,第２種中高層住居専用地域,ＲＣ,47
3981,11000000,50,片倉,8,第２種中高層住居専用地域,ＲＣ,47
3990,8000000,15,白楽,0,第１種住居地域,ＲＣ,26
3991,31000000,65,片倉,11,準住居地域,ＲＣ,12
3992,24000000,75,片倉,9,準住居地域,ＲＣ,27
3999,13000000,40,神奈川,8,商業地域,ＳＲＣ,32
4000,6500000,15,神奈川,7,商業地域,ＳＲＣ,28
4001,5600000,15,神奈川,1,商業地域,鉄骨造,27
4002,6400000,15,神奈川,6,商業地域,ＳＲＣ,28
4003,6700000,15,神奈川,6,商業地域,ＳＲＣ,28
4004,9500000,15,神奈川,6,商業地域,ＳＲＣ,28
4005,6800000,15,神奈川,6,商業地域,ＳＲＣ,28
4006,6200000,15,神奈川,6,商業地域,ＳＲＣ,28
4007,13000000,15,神奈川本町,5,近隣商業地域,ＲＣ,28
4008,5500000,15,神奈川本町,8,近隣商業地域,ＲＣ,28
4009,6700000,15,神奈川本町,6,近隣商業地域,ＲＣ,28
4012,6300000,45,羽沢町,21,第１種住居地域,ＲＣ,44
4013,7500000,45,羽沢町,19,第１種中高層住居専用地域,ＲＣ,44
4016,8800000,45,羽沢町,25,第１種中高層住居専用地域,ＲＣ,44
4020,12000000,45,羽沢町,26,,ＲＣ,44
4046,35000000,65,神之木町,10,第１種住居地域,ＲＣ,5
4047,38000000,70,神之木町,4,準工業地域,ＲＣ,11
4048,34000000,60,神之木町,6,第１種住居地域,ＲＣ,5
4049,32000000,70,神之木町,4,準工業地域,ＲＣ,11
4050,20000000,55,神之木町,7,第１種住居地域,ＲＣ,31
4065,24000000,80,羽沢南,25,第１種住居地域,ＲＣ,18
4074,24000000,75,神大寺,15,第２種中高層住居専用地域,ＲＣ,33
4077,24000000,50,神大寺,9,第２種中高層住居専用地域,ＲＣ,26
4078,29000000,70,神大寺,8,第２種中高層住居専用地域,ＲＣ,13
4079,40000000,90,橋本町,14,工業専用地域,ＲＣ,7
4080,71000000,90,橋本町,18,工業専用地域,ＲＣ,9
4081,37000000,65,神大寺,10,第１種住居地域,ＲＣ,17
4083,71000000,95,橋本町,15,工業専用地域,ＲＣ,9
4085,21000000,85,神大寺,13,第２種中高層住居専用地域,ＲＣ,30
4088,14000000,50,神大寺,9,第２種中高層住居専用地域,ＲＣ,26
4095,22000000,20,東神奈川,7,商業地域,ＲＣ,5
4096,46000000,65,東神奈川,1,商業地域,ＲＣ,13
4097,64000000,80,東神奈川,0,商業地域,ＳＲＣ,11
4098,52000000,70,東神奈川,0,商業地域,ＳＲＣ,11
4099,4000000,10,平川町,4,近隣商業地域,鉄骨造,35
4107,13000000,55,神大寺,9,第２種中高層住居専用地域,ＲＣ,25
4109,16000000,55,神大寺,12,第２種中高層住居専用地域,ＲＣ,25
4113,6900000,15,広台太田町,5,商業地域,ＲＣ,20
4114,40000000,50,広台太田町,5,商業地域,ＲＣ,20
4115,80000000,75,金港町,10,工業地域,ＲＣ,8
4117,61000000,60,金港町,9,工業地域,ＲＣ,8
4118,83000000,90,金港町,9,工業地域,ＲＣ,8
4119,140000000,90,金港町,9,工業地域,ＲＣ,8
4120,77000000,75,金港町,9,工業地域,ＲＣ,8
4121,100000000,70,金港町,10,工業地域,ＲＣ,9
4122,120000000,70,金港町,5,工業地域,ＲＣ,9
4125,40000000,60,松ケ丘,5,近隣商業地域,ＲＣ,7
4127,39000000,65,栗田谷,10,第１種中高層住居専用地域,ＲＣ,10
4129,40000000,70,松ケ丘,4,近隣商業地域,ＲＣ,7
4132,45000000,70,松ケ丘,5,近隣商業地域,ＲＣ,7
4146,19000000,70,子安台,15,第２種中高層住居専用地域,ＲＣ,14
4149,21000000,65,松見町,7,第１種住居地域,ＲＣ,37
4150,20000000,20,松見町,10,第１種住居地域,ＲＣ,7
4154,27000000,75,松見町,10,第１種住居地域,ＲＣ,27
4158,20000000,60,松見町,9,,ＲＣ,27
4159,23000000,60,松見町,13,第１種住居地域,ＲＣ,27
4161,9400000,25,子安台,13,準住居地域,ＲＣ,19
4162,18000000,30,子安台,13,準住居地域,ＲＣ,19
4163,39000000,70,松見町,15,第１種住居地域,ＲＣ,7
4165,18000000,55,松見町,13,第１種住居地域,ＲＣ,38
4166,26000000,50,子安台,13,準住居地域,ＲＣ,7
4167,24000000,55,子安台,14,準住居地域,ＲＣ,7
4170,30000000,65,子安台,13,準住居地域,ＲＣ,7
4171,28000000,65,子安通,3,近隣商業地域,ＲＣ,3
4172,14000000,40,子安通,9,商業地域,ＳＲＣ,34
4173,24000000,40,子安通,8,商業地域,ＳＲＣ,29
4174,11000000,20,子安通,5,商業地域,ＳＲＣ,28
4175,14000000,40,子安通,7,商業地域,ＳＲＣ,29
4176,7400000,15,子安通,6,商業地域,ＳＲＣ,28
4177,7600000,15,子安通,6,商業地域,ＳＲＣ,28
4178,7300000,15,子安通,5,商業地域,ＳＲＣ,28
4183,22000000,50,子安通,2,商業地域,ＲＣ,10
4185,22000000,25,子安通,9,商業地域,ＲＣ,9
4193,17000000,35,子安通,2,商業地域,ＲＣ,7
4195,19000000,35,子安通,2,商業地域,ＲＣ,7
4196,4600000,20,松見町,10,第１種住居地域,ＲＣ,27
4197,14000000,30,子安通,1,商業地域,ＲＣ,14
4198,12000000,15,松見町,11,第１種住居地域,ＲＣ,25
4199,21000000,20,子安通,3,商業地域,ＲＣ,8
4204,25000000,60,松見町,10,第１種住居地域,ＲＣ,45
4208,15000000,60,松見町,10,第１種住居地域,ＲＣ,27
4210,29000000,60,松見町,10,第２種中高層住居専用地域,ＲＣ,8
4216,27000000,55,松本町,4,近隣商業地域,ＲＣ,16
4217,5900000,15,松本町,3,近隣商業地域,ＲＣ,25
4218,18000000,30,松本町,4,近隣商業地域,ＲＣ,11
4220,30000000,55,子安通,4,商業地域,ＲＣ,5
4222,33000000,75,三ツ沢上町,1,近隣商業地域,ＲＣ,13
4223,38000000,65,子安通,4,商業地域,ＲＣ,9
4224,24000000,20,子安通,6,商業地域,ＲＣ,9
4225,20000000,50,子安通,8,商業地域,ＳＲＣ,20
4226,4200000,15,子安通,4,商業地域,ＳＲＣ,27
4227,8200000,25,子安通,9,商業地域,ＳＲＣ,29
4228,25000000,25,子安通,8,商業地域,ＲＣ,9
4229,5800000,25,子安通,6,商業地域,ＳＲＣ,30
4230,35000000,60,子安通,4,商業地域,ＲＣ,9
4231,38000000,70,子安通,4,商業地域,ＲＣ,5
4232,25000000,50,子安通,9,商業地域,ＳＲＣ,20
4233,25000000,50,子安通,12,商業地域,ＲＣ,10
4234,33000000,65,子安通,4,商業地域,ＲＣ,9
4235,36000000,65,子安通,4,商業地域,ＲＣ,3
4236,27000000,60,子安通,12,商業地域,ＲＣ,10
4237,33000000,60,子安通,6,商業地域,ＲＣ,7
4238,30000000,55,子安通,3,商業地域,ＲＣ,16
4239,27000000,55,子安通,3,商業地域,ＲＣ,16
4252,34000000,65,三ツ沢下町,8,第１種中高層住居専用地域,ＲＣ,15
4256,33000000,75,三ツ沢下町,8,第１種中高層住居専用地域,ＲＣ,15
4260,37000000,70,三ツ沢下町,5,第１種中高層住居専用地域,ＲＣ,15
4261,32000000,70,三ツ沢下町,5,第１種中高層住居専用地域,ＲＣ,15
4265,28000000,50,栄町,8,商業地域,ＳＲＣ,16
4266,5000000,20,栄町,10,工業地域,ＲＣ,13
4267,39000000,60,栄町,7,商業地域,ＲＣ,7
4268,4300000,15,栄町,3,商業地域,ＳＲＣ,38
4269,4700000,15,栄町,3,商業地域,ＳＲＣ,38
4270,16000000,20,栄町,7,商業地域,ＳＲＣ,17
4271,21000000,50,栄町,8,商業地域,ＳＲＣ,18
4279,4000000,15,三ツ沢西町,10,第１種住居地域,ＲＣ,24
4280,24000000,55,三ツ沢西町,9,第１種住居地域,ＲＣ,21
4281,21000000,40,栄町,13,商業地域,ＳＲＣ,22
4282,39000000,65,栄町,13,商業地域,ＳＲＣ,22
4283,39000000,70,栄町,9,商業地域,ＲＣ,16
4284,13000000,35,栄町,11,工業地域,ＲＣ,13
4285,29000000,40,栄町,13,商業地域,ＳＲＣ,22
4286,44000000,65,栄町,11,商業地域,ＳＲＣ,22
4287,80000000,70,栄町,11,工業地域,ＲＣ,13
4288,41000000,65,栄町,9,商業地域,ＳＲＣ,22
4289,59000000,70,栄町,13,工業地域,ＲＣ,9
4290,65000000,75,栄町,10,工業地域,ＲＣ,15
4291,33000000,65,栄町,8,商業地域,ＳＲＣ,17
4292,160000000,120,栄町,11,工業地域,ＲＣ,13
4293,23000000,70,沢渡,120,第１種中高層住居専用地域,ＲＣ,30
4316,8000000,15,三枚町,11,第１種住居地域,ＲＣ,25
4325,5000000,15,三枚町,11,第１種住居地域,ＲＣ,25
4326,18000000,60,三枚町,20,第１種住居地域,ＲＣ,33
4334,44000000,70,六角橋,8,第１種住居地域,ＲＣ,3
4355,7500000,15,白幡町,7,近隣商業地域,ＲＣ,23
4366,9300000,15,六角橋,13,第１種低層住居専用地域,ＲＣ,27
4370,42000000,70,六角橋,3,商業地域,ＲＣ,11
4371,46000000,65,六角橋,9,近隣商業地域,ＲＣ,3
4373,6200000,20,六角橋,3,商業地域,ＲＣ,26
4374,15000000,35,六角橋,9,近隣商業地域,ＲＣ,17
4377,12000000,35,六角橋,10,,ＲＣ,21
4378,44000000,65,六角橋,9,近隣商業地域,ＲＣ,3
4381,5000000,15,白幡西町,8,第１種低層住居専用地域,ＲＣ,25
4393,38000000,100,白幡東町,10,第１種中高層住居専用地域,ＲＣ,21
4395,21000000,55,白幡南町,12,第１種中高層住居専用地域,ＲＣ,20
4396,23000000,65,白幡南町,9,第１種中高層住居専用地域,ＲＣ,32
4399,21000000,50,白幡南町,15,第２種中高層住居専用地域,ＲＣ,33
4402,8800000,35,白幡南町,9,第２種中高層住居専用地域,ＲＣ,33
4407,30000000,60,白幡向町,12,近隣商業地域,ＲＣ,19
4408,5400000,15,白幡向町,8,近隣商業地域,ＲＣ,28
4410,31000000,55,新浦島町,3,工業地域,ＲＣ,12
4411,46000000,80,新浦島町,3,工業地域,ＲＣ,12
4412,30000000,65,新浦島町,6,工業地域,ＲＣ,13
4413,36000000,70,新浦島町,6,工業地域,ＲＣ,13
4414,43000000,75,新子安,9,第１種住居地域,ＲＣ,12
4417,41000000,65,新子安,6,第１種住居地域,ＲＣ,3
4418,34000000,65,新子安,10,第１種住居地域,ＲＣ,17
4419,30000000,55,新子安,7,近隣商業地域,ＲＣ,23
4420,40000000,70,新子安,9,第１種住居地域,ＲＣ,10
4421,46000000,60,新子安,5,第１種住居地域,ＳＲＣ,16
4422,30000000,65,新子安,10,第１種住居地域,ＲＣ,17
4423,6700000,15,新子安,8,近隣商業地域,ＲＣ,29
4424,42000000,70,新子安,6,第１種住居地域,ＳＲＣ,16
4425,43000000,70,新子安,6,第１種住居地域,ＳＲＣ,16
4428,50000000,70,新子安,6,第１種住居地域,ＳＲＣ,16
4429,36000000,75,新子安,8,第１種住居地域,ＲＣ,18
4430,9400000,15,新町,3,商業地域,ＳＲＣ,24
4431,34000000,55,新町,3,商業地域,ＳＲＣ,21
4432,6000000,15,新町,3,商業地域,ＲＣ,28
4433,12000000,55,新町,3,商業地域,ＳＲＣ,36
4434,24000000,50,新町,4,商業地域,鉄骨造,17
4435,28000000,55,新町,3,商業地域,ＳＲＣ,21
4436,9200000,20,新町,3,商業地域,ＲＣ,28
4438,20000000,50,新町,3,商業地域,ＲＣ,32
4439,4000000,15,新町,1,商業地域,ＳＲＣ,24
4440,9900000,45,菅田町,45,第１種住居地域,ＲＣ,31
4448,1300000,45,菅田町,26,第１種住居地域,ＲＣ,32
4457,15000000,75,菅田町,25,第１種住居地域,ＲＣ,19
4461,43000000,70,台町,2,商業地域,ＳＲＣ,19
4462,42000000,65,台町,5,商業地域,ＳＲＣ,19
4463,14000000,20,台町,2,商業地域,ＲＣ,13
4465,19000000,25,台町,2,商業地域,ＳＲＣ,19
4467,8000000,20,台町,8,商業地域,ＳＲＣ,34
4468,30000000,50,台町,8,商業地域,ＳＲＣ,28
4469,13000000,20,台町,6,商業地域,ＳＲＣ,24
4470,18000000,35,台町,7,商業地域,ＳＲＣ,23
4471,47000000,70,台町,7,商業地域,ＲＣ,24
4472,39000000,60,台町,7,商業地域,ＳＲＣ,23
4474,16000000,50,高島台,5,第２種中高層住居専用地域,ＲＣ,29
4475,22000000,50,高島台,5,第２種中高層住居専用地域,ＲＣ,29
4477,66000000,75,高島台,9,第２種中高層住居専用地域,ＲＣ,8
4479,57000000,75,高島台,6,第２種中高層住居専用地域,ＲＣ,7
4482,27000000,60,立町,7,商業地域,ＳＲＣ,18
4483,40000000,75,立町,9,第２種中高層住居専用地域,ＲＣ,15
4486,23000000,35,反町,4,商業地域,ＳＲＣ,21
4488,18000000,20,反町,3,商業地域,ＳＲＣ,10
4489,15000000,20,反町,4,商業地域,ＳＲＣ,14
4490,24000000,20,反町,4,商業地域,ＲＣ,1
4491,5900000,15,反町,3,商業地域,ＲＣ,28
4492,25000000,20,反町,4,商業地域,ＲＣ,1
4493,25000000,20,反町,4,商業地域,ＲＣ,1
4494,16000000,50,反町,4,商業地域,ＳＲＣ,19
4495,28000000,55,反町,4,商業地域,ＳＲＣ,19
4496,17000000,20,反町,3,商業地域,ＳＲＣ,10
4497,4800000,15,反町,3,商業地域,ＳＲＣ,28
4498,16000000,20,反町,4,商業地域,ＳＲＣ,14
4499,25000000,20,反町,4,商業地域,ＲＣ,1
4500,3700000,20,鶴屋町,8,商業地域,ＲＣ,35
4501,20000000,20,鶴屋町,6,商業地域,ＲＣ,4
4502,13000000,45,鶴屋町,8,商業地域,ＲＣ,31
4503,29000000,55,鶴屋町,7,商業地域,ＳＲＣ,29
4504,20000000,20,鶴屋町,6,商業地域,ＲＣ,4
4505,7200000,20,鶴屋町,6,商業地域,ＳＲＣ,35
4506,8600000,25,鶴屋町,6,商業地域,ＳＲＣ,35
4507,5900000,15,鶴屋町,6,商業地域,ＳＲＣ,35
4508,14000000,25,鶴屋町,5,商業地域,ＳＲＣ,29
4509,21000000,20,鶴屋町,6,商業地域,ＲＣ,4
4510,38000000,75,富家町,3,商業地域,ＳＲＣ,37
4511,46000000,75,富家町,4,商業地域,ＲＣ,12
4512,29000000,85,富家町,3,商業地域,ＳＲＣ,37
4513,39000000,75,富家町,3,商業地域,ＳＲＣ,37
4514,46000000,65,富家町,6,準住居地域,ＲＣ,16
4515,32000000,75,富家町,2,商業地域,ＳＲＣ,37
4516,37000000,85,富家町,3,商業地域,ＳＲＣ,37
4527,6000000,15,七島町,4,準住居地域,ＲＣ,29
4531,8900000,15,七島町,5,準住居地域,ＲＣ,29
4533,20000000,60,西大口,15,第１種中高層住居専用地域,ＲＣ,43
4534,32000000,70,西大口,10,第１種中高層住居専用地域,ＲＣ,15
4535,9700000,25,西大口,7,第２種中高層住居専用地域,ＲＣ,30
4536,10000000,15,西神奈川,4,商業地域,ＳＲＣ,31
4537,13000000,20,西神奈川,6,商業地域,ＳＲＣ,16
4538,14000000,30,西神奈川,4,商業地域,ＳＲＣ,27
4539,15000000,30,西神奈川,3,商業地域,ＳＲＣ,27
4540,7800000,20,西神奈川,3,商業地域,ＳＲＣ,27
4541,6400000,15,西神奈川,5,商業地域,ＲＣ,28
4542,10000000,15,西神奈川,5,商業地域,ＲＣ,28
4543,8000000,15,西神奈川,4,第１種住居地域,ＲＣ,31
4545,5500000,15,西神奈川,4,第１種住居地域,ＲＣ,31
4547,5300000,15,西神奈川,4,第１種住居地域,ＲＣ,31
4548,9200000,20,西神奈川,4,商業地域,ＲＣ,31
4549,34000000,60,西神奈川,1,商業地域,ＳＲＣ,18
4551,13000000,15,西神奈川,5,商業地域,ＲＣ,28
4567,35000000,60,西寺尾,10,第１種住居地域,ＲＣ,4
4582,16000000,50,西寺尾,15,第２種中高層住居専用地域,ＲＣ,26
4588,24000000,65,西寺尾,15,第２種中高層住居専用地域,ＲＣ,18
4593,17000000,75,西寺尾,16,第２種中高層住居専用地域,ＲＣ,34
4594,21000000,90,西寺尾,16,第２種中高層住居専用地域,ＲＣ,34
4597,9600000,15,白楽,1,第１種住居地域,ＲＣ,27
4598,8300000,15,白楽,1,第１種住居地域,ＲＣ,27
4600,6500000,45,羽沢町,21,第１種住居地域,ＲＣ,33
4601,17000000,70,羽沢町,23,第１種住居地域,ＲＣ,18
4602,5000000,45,羽沢町,23,第１種中高層住居専用地域,ＲＣ,45
4606,4500000,45,羽沢町,23,第１種中高層住居専用地域,ＲＣ,45
4607,4000000,45,羽沢町,19,第１種中高層住居専用地域,ＲＣ,45
4624,15000000,50,羽沢南,15,第１種住居地域,ＲＣ,24
4626,25000000,85,羽沢南,25,第１種住居地域,ＲＣ,19
4630,39000000,70,橋本町,14,工業専用地域,ＲＣ,10
4631,47000000,75,橋本町,14,工業専用地域,ＲＣ,9
4632,56000000,75,橋本町,15,工業専用地域,ＲＣ,10
4633,54000000,90,橋本町,14,工業専用地域,ＲＣ,8
4634,38000000,70,橋本町,14,工業専用地域,ＲＣ,10
4636,220000000,30,東神奈川,5,商業地域,ＲＣ,8
4637,19000000,20,東神奈川,5,商業地域,ＳＲＣ,8
4638,15000000,20,東神奈川,5,商業地域,ＳＲＣ,8
4639,14000000,20,東神奈川,5,商業地域,ＳＲＣ,8
4642,43000000,55,平川町,2,近隣商業地域,ＲＣ,2
4643,4200000,10,平川町,3,近隣商業地域,鉄骨造,29
4644,4200000,10,平川町,3,近隣商業地域,鉄骨造,29
4646,23000000,20,広台太田町,8,商業地域,ＲＣ,0
4647,6000000,15,二ツ谷町,5,商業地域,ＲＣ,25
4648,9000000,15,二ツ谷町,5,商業地域,ＲＣ,25
4649,53000000,70,星野町,13,工業専用地域,ＲＣ,8
4651,47000000,70,星野町,15,工業専用地域,ＲＣ,8
4652,19000000,40,松ケ丘,8,第１種低層住居専用地域,ＲＣ,32
4653,32000000,40,松ケ丘,10,近隣商業地域,ＲＣ,8
4654,49000000,75,松ケ丘,10,近隣商業地域,ＲＣ,8
4656,7600000,20,松ケ丘,4,近隣商業地域,ＲＣ,32
4664,14000000,40,松見町,14,準工業地域,ＲＣ,27
4665,24000000,70,松見町,7,第１種住居地域,ＳＲＣ,30
4667,23000000,55,松見町,10,第１種住居地域,ＲＣ,38
4669,25000000,45,松見町,11,第１種住居地域,ＲＣ,28
4670,34000000,75,松見町,15,第１種住居地域,ＳＲＣ,20
4673,24000000,20,松見町,8,第２種中高層住居専用地域,ＲＣ,0
4674,24000000,20,松見町,6,第２種中高層住居専用地域,ＲＣ,0
4675,25000000,20,松見町,6,第２種中高層住居専用地域,ＲＣ,0
4680,9200000,40,松見町,10,第１種住居地域,ＲＣ,46
4681,36000000,65,松見町,8,第２種中高層住居専用地域,ＲＣ,26
4683,24000000,50,松見町,13,第１種住居地域,ＲＣ,20
4685,5500000,25,松見町,8,第１種住居地域,ＲＣ,29
4686,19000000,20,松見町,10,第２種中高層住居専用地域,ＲＣ,8
4687,36000000,70,松見町,8,第２種中高層住居専用地域,ＲＣ,26
4688,19000000,20,松見町,10,第２種中高層住居専用地域,ＲＣ,8
4706,35000000,80,三ツ沢下町,12,第１種中高層住居専用地域,ＳＲＣ,23
4710,31000000,70,三ツ沢下町,5,第１種中高層住居専用地域,ＲＣ,16
4712,11000000,45,三ツ沢下町,9,第１種中高層住居専用地域,ＲＣ,50
4718,49000000,95,三ツ沢下町,7,第１種中高層住居専用地域,ＳＲＣ,23
4725,8100000,15,三ツ沢西町,10,第１種住居地域,ＲＣ,26
4740,28000000,50,六角橋,5,第１種住居地域,ＲＣ,21
4741,14000000,15,六角橋,5,第１種住居地域,ＲＣ,25
4742,4000000,85,六角橋,3,近隣商業地域,ＳＲＣ,38
4743,19000000,50,六角橋,6,第１種住居地域,ＲＣ,31
4749,6500000,20,六角橋,8,近隣商業地域,ＲＣ,30
4750,38000000,55,六角橋,10,近隣商業地域,ＲＣ,24
4751,32000000,60,六角橋,7,近隣商業地域,ＲＣ,13
4755,4300000,15,六角橋,17,第２種中高層住居専用地域,ＲＣ,25
4756,4300000,15,六角橋,17,第２種中高層住居専用地域,ＲＣ,25
4763,6500000,20,六角橋,8,近隣商業地域,ＲＣ,30
4764,46000000,70,六角橋,4,商業地域,ＲＣ,12
