Time,Temperature,Humidity,CPU
2022/08/01 14:37:09,26.0,41.0,42.8
2022/08/01 14:37:22,25.0,40.0,41.7
2022/08/01 14:37:34,25.0,41.0,41.2
2022/08/01 14:37:48,25.0,39.0,41.2
2022/08/01 14:38:02,25.0,39.0,41.2
2022/08/01 14:38:13,25.0,41.0,41.2
2022/08/01 14:38:27,25.0,38.0,41.7
2022/08/01 14:38:41,25.0,39.0,41.7
2022/08/01 14:38:52,25.0,40.0,41.2
2022/08/01 14:39:02,25.0,39.0,41.2
2022/08/01 14:39:21,25.0,39.0,41.2
2022/08/01 14:39:33,25.0,41.0,40.6
2022/08/01 14:39:43,25.0,42.0,41.2
2022/08/01 14:39:53,25.0,41.0,41.2
2022/08/01 14:40:04,25.0,41.0,40.6
2022/08/01 14:40:15,25.0,42.0,41.2
2022/08/01 14:40:26,25.0,40.0,41.2
2022/08/01 14:40:37,25.0,41.0,41.2
2022/08/01 14:40:49,25.0,39.0,40.6
2022/08/01 14:41:02,25.0,39.0,41.2
2022/08/01 14:41:14,25.0,39.0,41.2
2022/08/01 14:41:25,25.0,40.0,41.2
2022/08/01 14:41:37,25.0,40.0,40.6
2022/08/01 14:41:48,25.0,40.0,41.2
2022/08/01 14:42:01,25.0,39.0,41.2
2022/08/01 14:42:13,25.0,38.0,41.2
2022/08/01 14:42:23,25.0,39.0,40.6
2022/08/01 14:42:36,25.0,39.0,41.2
2022/08/01 14:42:46,25.0,37.0,40.6
2022/08/01 14:42:58,25.0,39.0,41.2
2022/08/01 14:43:12,25.0,36.0,41.2
2022/08/01 14:43:24,25.0,39.0,41.2
2022/08/01 14:43:36,25.0,37.0,41.2
2022/08/01 14:43:47,25.0,39.0,41.2
2022/08/01 14:43:59,25.0,39.0,41.2
2022/08/01 14:44:09,25.0,40.0,40.6
2022/08/01 14:44:23,25.0,36.0,41.2
2022/08/01 14:44:35,25.0,36.0,41.2
2022/08/01 14:44:49,25.0,36.0,41.2
2022/08/01 14:45:02,25.0,34.0,41.2
2022/08/01 14:45:14,25.0,38.0,40.6
2022/08/01 14:45:25,25.0,39.0,40.6
2022/08/01 14:45:37,25.0,39.0,40.6
2022/08/01 14:45:48,25.0,38.0,40.6
2022/08/01 14:46:04,25.0,34.0,41.2
2022/08/01 14:46:15,25.0,39.0,41.2
2022/08/01 14:46:28,25.0,35.0,40.6
2022/08/01 14:46:39,25.0,39.0,40.6
2022/08/01 14:46:54,25.0,34.0,40.6
2022/08/01 14:47:07,25.0,35.0,41.2
2022/08/01 14:47:21,25.0,36.0,41.2
2022/08/01 14:47:32,25.0,39.0,40.1
2022/08/01 14:47:43,25.0,39.0,40.1
2022/08/01 14:47:54,25.0,41.0,40.6
2022/08/01 14:48:06,25.0,36.0,41.2
2022/08/01 14:48:16,25.0,35.0,40.1
2022/08/01 14:48:27,25.0,42.0,40.1
2022/08/01 14:48:37,25.0,38.0,40.6
2022/08/01 14:48:47,25.0,38.0,40.6
2022/08/01 14:48:58,25.0,42.0,40.1
2022/08/01 14:49:08,25.0,38.0,40.1
2022/08/01 14:49:19,25.0,38.0,40.6
2022/08/01 14:49:33,25.0,34.0,40.6
2022/08/01 14:49:43,25.0,34.0,40.6
2022/08/01 14:49:57,25.0,34.0,40.1
2022/08/01 14:50:07,25.0,34.0,40.1
2022/08/01 14:50:20,25.0,35.0,40.1
2022/08/01 14:50:33,25.0,33.0,40.1
2022/08/01 14:50:45,25.0,37.0,40.1
2022/08/01 14:50:58,25.0,32.0,40.1
2022/08/01 14:51:15,25.0,32.0,40.1
2022/08/01 14:51:27,25.0,38.0,40.1
2022/08/01 14:51:41,25.0,32.0,40.1
2022/08/01 14:51:51,25.0,32.0,40.1
2022/08/01 14:52:04,25.0,33.0,40.1
2022/08/01 14:52:14,25.0,32.0,40.1
2022/08/01 14:52:26,25.0,33.0,40.1
2022/08/01 14:52:37,25.0,32.0,40.1
2022/08/01 14:52:49,25.0,32.0,40.1
2022/08/01 14:53:00,25.0,32.0,40.1
2022/08/01 14:53:10,25.0,36.0,40.1
2022/08/01 14:53:22,25.0,32.0,40.1
2022/08/01 14:53:35,25.0,32.0,40.1
2022/08/01 14:53:47,25.0,32.0,40.1
2022/08/01 14:53:58,25.0,31.0,41.2
2022/08/01 14:54:09,25.0,35.0,40.1
2022/08/01 14:54:21,25.0,32.0,40.1
2022/08/01 14:54:34,25.0,32.0,40.1
2022/08/01 14:54:45,25.0,35.0,40.1
2022/08/01 14:54:59,25.0,31.0,40.1
2022/08/01 14:55:12,25.0,31.0,40.1
2022/08/01 14:55:26,25.0,31.0,40.1
2022/08/01 14:55:39,25.0,30.0,40.1
2022/08/01 14:55:51,25.0,35.0,40.1
2022/08/01 14:56:07,25.0,30.0,40.1
2022/08/01 14:56:18,25.0,34.0,40.1
2022/08/01 14:56:28,25.0,32.0,40.1
2022/08/01 14:56:42,25.0,30.0,40.1
2022/08/01 14:56:57,25.0,30.0,40.1
2022/08/01 14:57:10,25.0,30.0,39.5
2022/08/01 14:57:25,25.0,30.0,40.1
2022/08/01 14:57:36,25.0,34.0,39.5
2022/08/01 14:57:47,25.0,34.0,40.1
2022/08/01 14:57:58,25.0,32.0,40.1
2022/08/01 14:58:08,25.0,34.0,40.1
2022/08/01 14:58:20,25.0,35.0,40.1
2022/08/01 14:58:35,25.0,30.0,40.1
2022/08/01 14:58:47,25.0,34.0,40.1
2022/08/01 14:59:02,25.0,30.0,40.1
2022/08/01 14:59:15,25.0,31.0,40.1
2022/08/01 14:59:28,25.0,30.0,40.1
2022/08/01 14:59:40,25.0,34.0,40.1
2022/08/01 14:59:54,25.0,30.0,40.1
2022/08/01 15:00:05,25.0,32.0,40.1
2022/08/01 15:00:19,25.0,30.0,40.1
2022/08/01 15:00:31,25.0,34.0,40.1
2022/08/01 15:00:42,25.0,34.0,40.1
2022/08/01 15:00:54,25.0,30.0,40.1
2022/08/01 15:01:06,25.0,34.0,39.0
2022/08/01 15:01:17,25.0,34.0,40.1
2022/08/01 15:01:28,25.0,31.0,40.6
2022/08/01 15:01:38,25.0,34.0,40.6
2022/08/01 15:01:55,25.0,30.0,40.1
2022/08/01 15:02:08,25.0,31.0,40.6
2022/08/01 15:02:20,25.0,36.0,40.1
2022/08/01 15:02:30,25.0,32.0,40.1
2022/08/01 15:02:40,25.0,40.0,40.1
2022/08/01 15:02:51,25.0,36.0,40.1
2022/08/01 15:03:01,25.0,37.0,40.1
2022/08/01 15:03:13,25.0,38.0,40.1
2022/08/01 15:03:24,25.0,38.0,40.1
2022/08/01 15:03:34,25.0,34.0,40.1
2022/08/01 15:03:47,26.0,35.0,40.6
2022/08/01 15:03:57,25.0,34.0,40.1
2022/08/01 15:04:10,25.0,35.0,40.1
2022/08/01 15:04:29,25.0,33.0,40.1
2022/08/01 15:04:41,25.0,35.0,40.1
2022/08/01 15:04:55,25.0,34.0,40.1
2022/08/01 15:05:05,25.0,34.0,40.6
2022/08/01 15:05:16,25.0,42.0,40.1
2022/08/01 15:05:27,25.0,39.0,40.1
2022/08/01 15:05:40,25.0,35.0,40.1
2022/08/01 15:05:51,25.0,39.0,40.1
2022/08/01 15:06:03,25.0,39.0,40.6
2022/08/01 15:06:13,25.0,36.0,40.1
2022/08/01 15:06:24,25.0,39.0,40.1
2022/08/01 15:06:37,25.0,36.0,40.1
2022/08/01 15:06:49,25.0,39.0,40.1
2022/08/01 15:07:00,25.0,39.0,40.1
2022/08/01 15:07:13,25.0,37.0,40.1
2022/08/01 15:07:23,25.0,36.0,40.1
2022/08/01 15:07:38,25.0,36.0,40.1
2022/08/01 15:07:51,25.0,36.0,40.1
2022/08/01 15:08:03,25.0,39.0,40.1
2022/08/01 15:08:16,25.0,36.0,40.1
2022/08/01 15:08:27,25.0,36.0,40.1
2022/08/01 15:08:38,25.0,39.0,40.6
2022/08/01 15:08:49,25.0,41.0,40.1
2022/08/01 15:08:59,25.0,39.0,40.1
2022/08/01 15:09:10,25.0,40.0,40.1
2022/08/01 15:09:22,25.0,39.0,40.1
2022/08/01 15:09:32,25.0,42.0,40.1
2022/08/01 15:09:44,25.0,39.0,40.6
2022/08/01 15:09:57,25.0,37.0,40.1
2022/08/01 15:10:09,25.0,40.0,40.1
2022/08/01 15:10:21,25.0,38.0,40.1
2022/08/01 15:10:32,25.0,37.0,40.1
2022/08/01 15:10:43,25.0,40.0,40.6
2022/08/01 15:10:53,25.0,38.0,40.1
2022/08/01 15:11:06,25.0,38.0,40.1
2022/08/01 15:11:16,25.0,38.0,40.1
2022/08/01 15:11:32,25.0,37.0,40.1
2022/08/01 15:11:50,26.0,36.0,40.6
2022/08/01 15:12:00,25.0,36.0,40.6
2022/08/01 15:12:11,25.0,42.0,40.1
2022/08/01 15:12:21,25.0,42.0,40.6
2022/08/01 15:12:36,25.0,39.0,40.1
2022/08/01 15:12:52,25.0,37.0,40.1
2022/08/01 15:13:04,25.0,40.0,40.6
2022/08/01 15:13:14,25.0,38.0,40.6
2022/08/01 15:13:28,25.0,38.0,40.6
2022/08/01 15:13:38,25.0,40.0,40.1
2022/08/01 15:13:49,25.0,43.0,40.6
2022/08/01 15:14:01,25.0,40.0,41.2
2022/08/01 15:14:12,25.0,42.0,40.1
2022/08/01 15:14:28,25.0,39.0,40.6
2022/08/01 15:14:39,25.0,40.0,40.6
2022/08/01 15:14:51,25.0,40.0,40.1
2022/08/01 15:15:02,26.0,40.0,40.6
2022/08/01 15:15:13,25.0,39.0,40.6
2022/08/01 15:15:24,25.0,40.0,40.6
2022/08/01 15:15:34,25.0,42.0,40.1
2022/08/01 15:15:46,25.0,40.0,40.1
2022/08/01 15:15:56,25.0,42.0,40.1
2022/08/01 15:16:07,25.0,40.0,40.1
2022/08/01 15:16:20,25.0,39.0,40.1
2022/08/01 15:16:30,25.0,42.0,40.6
2022/08/01 15:16:41,25.0,40.0,40.1
2022/08/01 15:16:56,25.0,38.0,40.1
2022/08/01 15:17:08,25.0,39.0,40.1
2022/08/01 15:17:19,25.0,40.0,40.1
2022/08/01 15:17:31,25.0,40.0,40.1
2022/08/01 15:17:42,25.0,40.0,40.1
2022/08/01 15:17:53,25.0,41.0,40.6
2022/08/01 15:18:05,25.0,40.0,40.6
2022/08/01 15:18:17,26.0,39.0,40.1
2022/08/01 15:18:28,25.0,40.0,41.2
2022/08/01 15:18:40,26.0,40.0,40.1
2022/08/01 15:18:50,25.0,39.0,41.2
2022/08/01 15:19:00,25.0,42.0,40.6
2022/08/01 15:19:14,26.0,39.0,40.1
2022/08/01 15:19:25,25.0,38.0,40.1
2022/08/01 15:19:36,26.0,40.0,41.2
2022/08/01 15:19:46,26.0,42.0,40.1
2022/08/01 15:19:59,25.0,39.0,40.1
2022/08/01 15:20:10,25.0,40.0,40.1
2022/08/01 15:20:23,25.0,39.0,40.1
2022/08/01 15:20:34,26.0,40.0,40.1
2022/08/01 15:20:44,25.0,39.0,40.6
2022/08/01 15:20:56,25.0,40.0,40.1
2022/08/01 15:21:06,26.0,42.0,40.1
2022/08/01 15:21:18,25.0,40.0,40.6
2022/08/01 15:21:29,25.0,40.0,40.6
2022/08/01 15:21:41,25.0,40.0,40.6
2022/08/01 15:21:51,26.0,41.0,40.6
2022/08/01 15:22:03,25.0,39.0,40.1
2022/08/01 15:22:15,25.0,40.0,40.1
2022/08/01 15:22:27,25.0,39.0,40.1
2022/08/01 15:22:40,25.0,39.0,40.1
2022/08/01 15:22:52,25.0,39.0,40.1
2022/08/01 15:23:03,25.0,42.0,40.1
2022/08/01 15:23:13,25.0,40.0,40.1
2022/08/01 15:23:23,25.0,40.0,40.1
2022/08/01 15:23:35,25.0,40.0,40.1
2022/08/01 15:23:48,25.0,39.0,40.1
2022/08/01 15:24:00,25.0,41.0,40.1
2022/08/01 15:24:14,25.0,39.0,40.6
2022/08/01 15:24:27,25.0,39.0,41.2
2022/08/01 15:24:40,25.0,39.0,40.1
2022/08/01 15:24:53,25.0,39.0,40.1
2022/08/01 15:25:05,25.0,39.0,40.1
2022/08/01 15:25:16,25.0,39.0,40.6
2022/08/01 15:25:26,25.0,42.0,40.1
2022/08/01 15:25:37,25.0,40.0,40.1
2022/08/01 15:25:49,25.0,39.0,40.1
2022/08/01 15:26:00,25.0,40.0,40.1
2022/08/01 15:26:13,25.0,40.0,40.6
2022/08/01 15:26:24,25.0,40.0,40.1
2022/08/01 15:26:36,25.0,40.0,40.6
2022/08/01 15:26:47,25.0,40.0,40.6
2022/08/01 15:26:59,25.0,39.0,40.6
2022/08/01 15:27:16,25.0,38.0,40.6
2022/08/01 15:27:28,25.0,40.0,40.6
2022/08/01 15:27:42,25.0,38.0,40.1
2022/08/01 15:27:55,25.0,39.0,40.1
2022/08/01 15:28:08,25.0,39.0,40.6
2022/08/01 15:28:18,25.0,38.0,40.6
2022/08/01 15:28:30,25.0,40.0,40.6
2022/08/01 15:28:42,25.0,39.0,40.6
2022/08/01 15:28:54,25.0,40.0,40.6
2022/08/01 15:29:06,25.0,39.0,40.6
2022/08/01 15:29:17,25.0,38.0,40.1
2022/08/01 15:29:28,25.0,39.0,40.1
2022/08/01 15:29:41,25.0,39.0,40.1
2022/08/01 15:29:51,25.0,38.0,40.6
2022/08/01 15:30:02,25.0,40.0,40.6
2022/08/01 15:30:16,25.0,38.0,40.6
2022/08/01 15:30:28,25.0,39.0,40.1
2022/08/01 15:30:39,25.0,38.0,40.1
2022/08/01 15:30:50,25.0,40.0,40.6
2022/08/01 15:31:03,25.0,39.0,40.1
2022/08/01 15:31:13,25.0,40.0,40.1
2022/08/01 15:31:29,25.0,38.0,40.6
2022/08/01 15:31:41,25.0,39.0,40.6
2022/08/01 15:31:59,25.0,38.0,41.2
2022/08/01 15:32:09,25.0,38.0,40.1
2022/08/01 15:32:20,25.0,40.0,40.1
2022/08/01 15:32:30,25.0,42.0,40.1
2022/08/01 15:32:40,25.0,40.0,40.1
2022/08/01 15:32:50,25.0,40.0,40.6
2022/08/01 15:33:04,25.0,39.0,40.1
2022/08/01 15:33:14,25.0,41.0,40.6
2022/08/01 15:33:25,25.0,40.0,40.1
2022/08/01 15:33:35,25.0,40.0,40.6
2022/08/01 15:33:47,25.0,39.0,40.6
2022/08/01 15:34:00,25.0,39.0,40.1
2022/08/01 15:34:11,25.0,40.0,40.6
2022/08/01 15:34:24,25.0,39.0,40.6
2022/08/01 15:34:35,25.0,40.0,40.1
2022/08/01 15:34:48,25.0,39.0,40.1
2022/08/01 15:34:59,25.0,40.0,41.2
2022/08/01 15:35:10,25.0,40.0,40.6
2022/08/01 15:35:22,25.0,40.0,40.6
2022/08/01 15:35:33,25.0,40.0,40.6
2022/08/01 15:35:46,25.0,39.0,40.6
2022/08/01 15:35:57,25.0,40.0,40.1
2022/08/01 15:36:07,25.0,39.0,40.6
2022/08/01 15:36:20,25.0,39.0,40.1
2022/08/01 15:36:32,25.0,39.0,40.1
2022/08/01 15:36:43,25.0,42.0,40.1
2022/08/01 15:36:53,25.0,40.0,40.6
2022/08/01 15:37:14,25.0,38.0,40.1
2022/08/01 15:37:32,25.0,37.0,40.1
2022/08/01 15:37:44,25.0,39.0,40.6
2022/08/01 15:37:56,25.0,40.0,40.1
2022/08/01 15:38:12,25.0,37.0,40.1
2022/08/01 15:38:25,25.0,38.0,40.1
2022/08/01 15:38:36,25.0,40.0,40.6
2022/08/01 15:38:50,25.0,38.0,40.6
2022/08/01 15:39:02,25.0,38.0,40.1
2022/08/01 15:39:16,25.0,37.0,40.6
2022/08/01 15:39:28,25.0,40.0,40.6
2022/08/01 15:39:39,25.0,40.0,40.1
2022/08/01 15:39:50,25.0,40.0,40.1
2022/08/01 15:40:01,25.0,38.0,40.1
2022/08/01 15:40:14,25.0,38.0,40.1
2022/08/01 15:40:26,25.0,40.0,40.6
2022/08/01 15:40:36,25.0,39.0,41.2
2022/08/01 15:40:50,25.0,38.0,40.6
2022/08/01 15:41:04,25.0,38.0,40.6
2022/08/01 15:41:17,25.0,39.0,40.1
2022/08/01 15:41:29,25.0,40.0,40.1
2022/08/01 15:41:40,25.0,40.0,40.1
2022/08/01 15:41:52,25.0,39.0,40.1
2022/08/01 15:42:05,25.0,39.0,40.1
2022/08/01 15:42:15,25.0,38.0,40.1
2022/08/01 15:42:26,25.0,42.0,40.1
2022/08/01 15:42:40,25.0,38.0,40.6
2022/08/01 15:42:54,25.0,39.0,40.6
2022/08/01 15:43:04,25.0,38.0,40.6
2022/08/01 15:43:14,25.0,40.0,40.6
2022/08/01 15:43:25,26.0,40.0,40.6
2022/08/01 15:43:35,25.0,43.0,41.2
2022/08/01 15:43:51,25.0,38.0,40.1
2022/08/01 15:44:04,25.0,39.0,40.1
2022/08/01 15:44:16,25.0,40.0,40.6
2022/08/01 15:44:28,25.0,40.0,41.2
2022/08/01 15:44:40,25.0,39.0,40.1
2022/08/01 15:44:51,25.0,43.0,40.1
2022/08/01 15:45:02,25.0,40.0,40.1
2022/08/01 15:45:12,25.0,42.0,40.1
2022/08/01 15:45:23,25.0,43.0,40.6
2022/08/01 15:45:35,25.0,41.0,41.2
2022/08/01 15:45:49,25.0,39.0,40.6
2022/08/01 15:45:59,25.0,39.0,40.1
2022/08/01 15:46:11,25.0,41.0,40.6
2022/08/01 15:46:23,25.0,39.0,40.1
2022/08/01 15:46:34,25.0,41.0,40.1
2022/08/01 15:46:45,25.0,43.0,40.6
2022/08/01 15:46:57,25.0,40.0,40.6
2022/08/01 15:47:08,25.0,39.0,40.1
2022/08/01 15:47:20,25.0,39.0,41.2
2022/08/01 15:47:32,25.0,41.0,40.1
2022/08/01 15:47:45,25.0,39.0,40.6
2022/08/01 15:47:59,25.0,39.0,40.6
2022/08/01 15:48:11,25.0,39.0,40.1
2022/08/01 15:48:23,25.0,41.0,40.6
2022/08/01 15:48:34,25.0,41.0,41.2
2022/08/01 15:48:45,25.0,43.0,41.2
2022/08/01 15:48:57,25.0,39.0,40.6
2022/08/01 15:49:07,25.0,39.0,40.6
2022/08/01 15:49:21,25.0,39.0,40.6
2022/08/01 15:49:31,25.0,42.0,40.6
2022/08/01 15:49:44,25.0,39.0,40.6
2022/08/01 15:49:57,25.0,39.0,40.1
2022/08/01 15:50:10,25.0,39.0,40.1
2022/08/01 15:50:22,25.0,39.0,40.1
2022/08/01 15:50:35,25.0,39.0,40.1
2022/08/01 15:50:47,25.0,39.0,40.1
2022/08/01 15:51:00,25.0,39.0,40.1
2022/08/01 15:51:11,25.0,41.0,40.1
2022/08/01 15:51:24,25.0,40.0,40.6
2022/08/01 15:51:37,25.0,39.0,40.6
2022/08/01 15:51:48,25.0,41.0,40.1
2022/08/01 15:52:00,25.0,43.0,40.1
2022/08/01 15:52:12,25.0,39.0,40.1
2022/08/01 15:52:26,25.0,39.0,40.1
2022/08/01 15:52:37,25.0,43.0,40.6
2022/08/01 15:52:49,25.0,39.0,40.1
2022/08/01 15:52:59,25.0,42.0,40.1
2022/08/01 15:53:10,25.0,42.0,40.1
2022/08/01 15:53:22,25.0,39.0,40.1
2022/08/01 15:53:36,25.0,39.0,40.6
2022/08/01 15:53:50,25.0,39.0,40.1
2022/08/01 15:54:00,25.0,39.0,41.2
2022/08/01 15:54:10,25.0,42.0,40.1
2022/08/01 15:54:22,25.0,41.0,40.1
2022/08/01 15:54:34,25.0,40.0,40.1
2022/08/01 15:54:45,25.0,39.0,40.1
2022/08/01 15:54:56,25.0,41.0,40.1
2022/08/01 15:55:10,25.0,39.0,40.1
2022/08/01 15:55:20,25.0,39.0,40.1
2022/08/01 15:55:30,25.0,42.0,40.1
2022/08/01 15:55:41,25.0,41.0,40.1
2022/08/01 15:55:54,25.0,39.0,40.1
2022/08/01 15:56:07,25.0,39.0,40.1
2022/08/01 15:56:20,25.0,39.0,40.1
2022/08/01 15:56:31,25.0,40.0,40.1
2022/08/01 15:56:44,25.0,39.0,40.1
2022/08/01 15:56:56,25.0,39.0,40.1
2022/08/01 15:57:08,25.0,41.0,39.5
2022/08/01 15:57:19,25.0,40.0,40.1
2022/08/01 15:57:29,25.0,41.0,40.1
2022/08/01 15:57:40,25.0,42.0,40.1
2022/08/01 15:57:50,25.0,43.0,40.1
2022/08/01 15:58:00,25.0,42.0,40.1
2022/08/01 15:58:12,25.0,40.0,40.1
2022/08/01 15:58:24,25.0,39.0,40.1
2022/08/01 15:58:37,25.0,39.0,40.1
2022/08/01 15:58:50,25.0,39.0,40.1
2022/08/01 15:59:01,25.0,39.0,40.1
2022/08/01 15:59:12,25.0,40.0,40.6
2022/08/01 15:59:24,25.0,39.0,40.1
2022/08/01 15:59:35,25.0,42.0,40.1
2022/08/01 15:59:49,25.0,38.0,40.1
2022/08/01 16:00:01,25.0,40.0,40.1
2022/08/01 16:00:11,25.0,39.0,39.5
2022/08/01 16:00:22,25.0,40.0,40.1
2022/08/01 16:00:35,25.0,39.0,40.1
2022/08/01 16:00:48,25.0,39.0,40.1
2022/08/01 16:00:59,25.0,42.0,40.1
2022/08/01 16:01:11,25.0,39.0,40.1
2022/08/01 16:01:25,25.0,39.0,40.1
2022/08/01 16:01:35,25.0,42.0,39.5
2022/08/01 16:01:48,25.0,39.0,40.1
2022/08/01 16:02:00,25.0,39.0,40.1
2022/08/01 16:02:11,25.0,42.0,40.1
2022/08/01 16:02:25,24.0,40.0,40.1
2022/08/01 16:02:37,24.0,41.0,40.1
2022/08/01 16:02:47,24.0,42.0,40.1
2022/08/01 16:03:01,24.0,38.0,39.5
2022/08/01 16:03:11,24.0,37.0,40.1
2022/08/01 16:03:21,24.0,41.0,40.1
2022/08/01 16:03:32,24.0,41.0,40.1
2022/08/01 16:03:43,24.0,41.0,39.5
2022/08/01 16:03:55,24.0,40.0,40.1
2022/08/01 16:04:05,24.0,38.0,40.1
2022/08/01 16:04:16,24.0,44.0,40.1
2022/08/01 16:04:32,24.0,39.0,40.1
2022/08/01 16:04:45,24.0,40.0,40.1
2022/08/01 16:04:56,24.0,40.0,40.1
2022/08/01 16:05:06,24.0,43.0,40.1
2022/08/01 16:05:17,24.0,41.0,40.1
2022/08/01 16:05:28,24.0,40.0,40.1
2022/08/01 16:05:40,24.0,41.0,40.1
2022/08/01 16:05:50,24.0,40.0,40.1
2022/08/01 16:06:06,24.0,37.0,39.5
2022/08/01 16:06:18,24.0,38.0,40.1
2022/08/01 16:06:32,24.0,39.0,40.1
2022/08/01 16:06:45,24.0,38.0,39.0
2022/08/01 16:06:57,24.0,40.0,39.5
2022/08/01 16:07:09,24.0,40.0,40.1
2022/08/01 16:07:23,24.0,38.0,40.1
2022/08/01 16:07:41,24.0,37.0,39.5
2022/08/01 16:07:54,24.0,39.0,40.1
2022/08/01 16:08:07,24.0,39.0,40.1
2022/08/01 16:08:17,24.0,38.0,40.1
2022/08/01 16:08:29,24.0,39.0,39.5
2022/08/01 16:08:40,24.0,38.0,40.1
2022/08/01 16:08:53,24.0,37.0,40.1
2022/08/01 16:09:09,24.0,37.0,40.1
2022/08/01 16:09:22,24.0,38.0,40.1
2022/08/01 16:09:32,24.0,36.0,40.1
2022/08/01 16:09:44,24.0,40.0,40.1
2022/08/01 16:09:58,24.0,36.0,39.5
2022/08/01 16:10:10,24.0,37.0,39.5
2022/08/01 16:10:22,24.0,41.0,40.1
2022/08/01 16:10:32,24.0,38.0,40.1
2022/08/01 16:10:45,24.0,39.0,40.1
2022/08/01 16:10:57,24.0,39.0,40.1
2022/08/01 16:11:08,24.0,38.0,40.1
2022/08/01 16:11:19,24.0,41.0,40.1
2022/08/01 16:11:29,24.0,39.0,40.1
2022/08/01 16:11:41,24.0,41.0,39.5
2022/08/01 16:11:51,24.0,39.0,39.5
2022/08/01 16:12:04,24.0,39.0,40.1
2022/08/01 16:12:14,24.0,43.0,40.1
2022/08/01 16:12:29,24.0,39.0,40.1
2022/08/01 16:12:42,24.0,39.0,40.1
2022/08/01 16:12:55,24.0,39.0,39.5
2022/08/01 16:13:05,24.0,43.0,39.5
2022/08/01 16:13:17,24.0,39.0,40.1
2022/08/01 16:13:32,24.0,39.0,40.1
2022/08/01 16:13:42,24.0,38.0,40.1
2022/08/01 16:13:56,24.0,39.0,39.5
2022/08/01 16:14:06,24.0,40.0,39.5
2022/08/01 16:14:17,25.0,42.0,40.1
2022/08/01 16:14:27,24.0,41.0,40.1
2022/08/01 16:14:38,24.0,44.0,40.1
2022/08/01 16:14:52,24.0,39.0,40.1
2022/08/01 16:15:03,24.0,40.0,39.5
2022/08/01 16:15:15,24.0,40.0,40.6
2022/08/01 16:15:29,24.0,39.0,40.1
2022/08/01 16:15:43,24.0,39.0,40.1
2022/08/01 16:15:53,24.0,40.0,40.1
2022/08/01 16:16:04,24.0,42.0,39.0
2022/08/01 16:16:14,24.0,41.0,39.5
2022/08/01 16:16:27,24.0,39.0,40.1
2022/08/01 16:16:37,24.0,38.0,39.5
2022/08/01 16:16:47,24.0,40.0,40.1
2022/08/01 16:16:59,24.0,41.0,40.1
2022/08/01 16:17:09,24.0,40.0,40.1
2022/08/01 16:17:19,24.0,44.0,40.1
2022/08/01 16:17:31,24.0,40.0,40.1
2022/08/01 16:17:45,24.0,39.0,40.1
2022/08/01 16:18:00,24.0,39.0,40.1
2022/08/01 16:18:15,24.0,39.0,39.5
2022/08/01 16:18:26,24.0,41.0,40.1
2022/08/01 16:18:37,24.0,41.0,39.5
2022/08/01 16:18:49,24.0,41.0,40.1
2022/08/01 16:19:00,24.0,41.0,40.1
2022/08/01 16:19:12,24.0,41.0,40.1
2022/08/01 16:19:23,24.0,43.0,39.5
2022/08/01 16:19:37,24.0,39.0,40.1
2022/08/01 16:19:50,24.0,39.0,40.1
2022/08/01 16:20:02,24.0,40.0,40.1
2022/08/01 16:20:13,24.0,40.0,39.5
2022/08/01 16:20:24,24.0,41.0,39.5
2022/08/01 16:20:36,25.0,40.0,40.1
2022/08/01 16:20:48,24.0,41.0,39.0
2022/08/01 16:21:00,24.0,39.0,40.1
2022/08/01 16:21:11,24.0,41.0,40.1
2022/08/01 16:21:22,24.0,41.0,39.5
2022/08/01 16:21:33,24.0,40.0,40.1
2022/08/01 16:21:44,24.0,41.0,40.1
2022/08/01 16:21:55,24.0,40.0,40.1
2022/08/01 16:22:06,24.0,41.0,39.5
2022/08/01 16:22:19,24.0,39.0,40.1
2022/08/01 16:22:29,24.0,38.0,40.1
2022/08/01 16:22:42,24.0,39.0,40.1
2022/08/01 16:22:56,24.0,39.0,39.5
2022/08/01 16:23:07,24.0,41.0,39.5
2022/08/01 16:23:18,24.0,41.0,39.5
2022/08/01 16:23:29,24.0,39.0,40.1
2022/08/01 16:23:41,24.0,41.0,40.1
2022/08/01 16:23:52,24.0,41.0,40.1
2022/08/01 16:24:05,24.0,39.0,40.1
2022/08/01 16:24:16,24.0,41.0,40.1
2022/08/01 16:24:29,24.0,39.0,39.5
2022/08/01 16:24:41,24.0,41.0,39.5
2022/08/01 16:24:53,24.0,39.0,40.1
2022/08/01 16:25:06,24.0,39.0,39.5
2022/08/01 16:25:16,24.0,37.0,40.1
2022/08/01 16:25:26,24.0,40.0,39.5
2022/08/01 16:25:39,24.0,39.0,40.1
2022/08/01 16:25:53,24.0,38.0,40.1
2022/08/01 16:26:04,24.0,41.0,40.1
2022/08/01 16:26:16,24.0,39.0,40.1
2022/08/01 16:26:28,24.0,41.0,40.1
2022/08/01 16:26:42,24.0,39.0,40.1
2022/08/01 16:26:56,24.0,38.0,40.1
2022/08/01 16:27:08,24.0,39.0,40.1
2022/08/01 16:27:23,24.0,38.0,40.1
2022/08/01 16:27:34,24.0,41.0,39.5
2022/08/01 16:27:46,24.0,41.0,40.1
2022/08/01 16:27:59,24.0,39.0,40.1
2022/08/01 16:28:10,24.0,40.0,40.1
2022/08/01 16:28:21,24.0,37.0,39.5
2022/08/01 16:28:33,24.0,39.0,40.1
2022/08/01 16:28:44,24.0,38.0,40.1
2022/08/01 16:28:54,24.0,40.0,39.5
2022/08/01 16:29:08,24.0,37.0,40.1
2022/08/01 16:29:20,24.0,38.0,40.1
2022/08/01 16:29:31,24.0,42.0,40.1
2022/08/01 16:29:43,24.0,39.0,40.1
2022/08/01 16:29:55,24.0,41.0,39.5
2022/08/01 16:30:06,24.0,39.0,40.1
2022/08/01 16:30:17,24.0,41.0,40.1
2022/08/01 16:30:29,24.0,40.0,40.1
2022/08/01 16:30:44,24.0,38.0,39.0
2022/08/01 16:30:57,24.0,40.0,39.0
2022/08/01 16:31:11,24.0,39.0,40.1
2022/08/01 16:31:23,24.0,41.0,39.5
2022/08/01 16:31:33,24.0,40.0,40.1
2022/08/01 16:31:47,24.0,39.0,40.1
2022/08/01 16:32:01,24.0,39.0,40.1
2022/08/01 16:32:13,24.0,40.0,39.5
2022/08/01 16:32:25,24.0,41.0,40.1
2022/08/01 16:32:35,24.0,40.0,39.5
2022/08/01 16:32:51,24.0,39.0,40.1
2022/08/01 16:33:05,24.0,39.0,40.1
2022/08/01 16:33:15,24.0,43.0,39.5
2022/08/01 16:33:26,24.0,41.0,40.1
2022/08/01 16:33:38,24.0,40.0,40.1
2022/08/01 16:33:50,24.0,41.0,39.0
2022/08/01 16:34:01,24.0,41.0,40.1
2022/08/01 16:34:16,24.0,39.0,40.1
2022/08/01 16:34:28,24.0,40.0,39.5
2022/08/01 16:34:40,24.0,41.0,40.1
2022/08/01 16:34:54,24.0,38.0,40.1
2022/08/01 16:35:07,24.0,39.0,40.1
2022/08/01 16:35:18,24.0,41.0,41.2
2022/08/01 16:35:31,24.0,39.0,40.1
2022/08/01 16:35:43,24.0,41.0,40.1
2022/08/01 16:35:55,24.0,41.0,39.5
2022/08/01 16:36:07,24.0,39.0,39.5
2022/08/01 16:36:19,24.0,41.0,39.0
2022/08/01 16:36:30,24.0,41.0,39.0
2022/08/01 16:36:44,24.0,39.0,40.1
2022/08/01 16:36:56,24.0,41.0,39.5
2022/08/01 16:37:07,24.0,41.0,39.5
2022/08/01 16:37:19,24.0,41.0,39.0
2022/08/01 16:37:30,24.0,41.0,39.5
2022/08/01 16:37:41,24.0,40.0,39.5
2022/08/01 16:37:52,24.0,41.0,40.1
2022/08/01 16:38:04,24.0,41.0,39.5
2022/08/01 16:38:16,24.0,40.0,40.1
2022/08/01 16:38:29,24.0,40.0,40.1
2022/08/01 16:38:40,24.0,41.0,39.5
2022/08/01 16:38:56,24.0,39.0,39.5
2022/08/01 16:39:07,24.0,41.0,40.1
2022/08/01 16:39:19,24.0,41.0,39.5
2022/08/01 16:39:31,24.0,40.0,40.1
2022/08/01 16:39:45,24.0,39.0,39.5
2022/08/01 16:39:57,24.0,39.0,39.5
2022/08/01 16:40:11,24.0,40.0,39.5
2022/08/01 16:40:23,24.0,40.0,40.1
2022/08/01 16:40:36,24.0,40.0,40.1
2022/08/01 16:40:47,24.0,41.0,39.5
2022/08/01 16:40:57,24.0,40.0,40.1
2022/08/01 16:41:11,24.0,40.0,39.5
2022/08/01 16:41:23,24.0,41.0,39.5
2022/08/01 16:41:34,24.0,40.0,40.1
2022/08/01 16:41:46,24.0,38.0,39.5
2022/08/01 16:41:58,24.0,40.0,40.1
2022/08/01 16:42:08,24.0,38.0,40.1
2022/08/01 16:42:20,24.0,41.0,39.5
2022/08/01 16:42:31,24.0,41.0,40.1
2022/08/01 16:42:43,24.0,41.0,40.1
2022/08/01 16:42:56,24.0,40.0,40.1
2022/08/01 16:43:10,24.0,39.0,40.1
2022/08/01 16:43:22,24.0,41.0,40.1
2022/08/01 16:43:33,24.0,41.0,39.0
2022/08/01 16:43:46,24.0,39.0,39.5
2022/08/01 16:43:59,24.0,39.0,39.5
2022/08/01 16:44:11,24.0,41.0,39.5
2022/08/01 16:44:22,24.0,41.0,40.1
2022/08/01 16:44:32,24.0,40.0,40.1
2022/08/01 16:44:44,24.0,41.0,40.1
2022/08/01 16:44:55,24.0,41.0,39.0
2022/08/01 16:45:09,24.0,39.0,39.0
2022/08/01 16:45:20,24.0,41.0,40.1
2022/08/01 16:45:31,24.0,39.0,40.1
2022/08/01 16:45:43,24.0,39.0,39.5
2022/08/02 22:17:01,25.0,45.0,41.2
2022/08/02 22:17:12,25.0,46.0,41.7
2022/08/02 22:17:23,25.0,46.0,41.2
2022/08/02 22:17:35,25.0,46.0,41.2
2022/08/02 22:17:46,25.0,46.0,41.2
2022/08/02 22:17:57,25.0,46.0,41.2
2022/08/02 22:18:10,25.0,45.0,41.2
2022/08/02 22:18:21,25.0,46.0,41.7
2022/08/02 22:18:35,25.0,45.0,41.2
2022/08/02 22:18:47,25.0,45.0,41.2
2022/08/02 22:19:02,26.0,45.0,41.2
2022/08/02 22:19:15,26.0,45.0,40.6
2022/08/02 22:19:27,26.0,47.0,41.2
2022/08/02 22:19:38,26.0,46.0,41.2
2022/08/02 22:19:50,26.0,45.0,41.7
2022/08/02 22:20:02,26.0,46.0,41.2
2022/08/02 22:20:14,26.0,46.0,40.6
2022/08/02 22:20:26,26.0,46.0,41.2
2022/08/02 22:20:37,26.0,46.0,41.2
2022/08/02 22:20:49,26.0,46.0,41.2
2022/08/02 22:21:00,26.0,46.0,41.2
2022/08/02 22:21:11,26.0,46.0,41.2
2022/08/02 22:21:25,26.0,45.0,41.2
2022/08/02 22:21:38,26.0,45.0,41.7
2022/08/02 22:21:50,26.0,46.0,41.2
2022/08/02 22:22:02,26.0,46.0,41.2
2022/08/02 22:22:12,27.0,45.0,41.7
2022/08/02 22:22:24,26.0,46.0,42.2
2022/08/02 22:22:34,27.0,44.0,41.2
2022/08/02 22:22:44,26.0,46.0,42.2
2022/08/02 22:22:56,26.0,47.0,41.2
2022/08/02 22:23:08,26.0,46.0,41.2
2022/08/02 22:23:23,26.0,46.0,40.6
2022/08/02 22:23:34,26.0,46.0,41.7
2022/08/02 22:23:45,26.0,46.0,41.2
2022/08/02 22:23:57,26.0,46.0,42.2
2022/08/02 22:24:08,26.0,47.0,41.7
2022/08/02 22:24:24,26.0,46.0,41.7
2022/08/02 22:33:36,26.0,46.0,49.2
2022/08/02 22:33:46,27.0,49.0,47.1
2022/08/02 22:33:56,27.0,48.0,46.5
2022/08/02 22:34:07,27.0,48.0,45.5
2022/08/02 22:34:33,27.0,47.0,44.9
2022/08/02 22:34:52,27.0,46.0,45.5
2022/08/02 22:35:11,27.0,46.0,45.5
2022/08/02 22:35:27,27.0,46.0,44.4
2022/08/02 22:35:40,27.0,46.0,44.9
2022/08/02 22:35:51,27.0,47.0,43.9
